Borough,month-year,med_Detached,med_Flat,med_Other,med_Semi-detached,med_Terraced,count_Detached,count_Flat,count_Other,count_Semi-detached,count_Terraced,overall_median,overall_count
BARKING AND DAGENHAM,01-2017,,210000.0,345000.0,320000.0,300000.0,,35.0,9.0,21.0,93.0,294250.0,158
BARKING AND DAGENHAM,01-2018,,240000.0,305000.0,360000.0,315000.0,,63.0,12.0,17.0,102.0,298000.0,194
BARKING AND DAGENHAM,01-2019,750000.0,217000.0,710000.0,332750.0,315000.0,1.0,37.0,7.0,14.0,80.0,305000.0,139
BARKING AND DAGENHAM,02-2017,349995.0,200500.0,500000.0,340000.0,310000.0,1.0,46.0,11.0,23.0,95.0,299372.5,176
BARKING AND DAGENHAM,02-2018,,235000.0,396511.5,355000.0,325000.0,,47.0,8.0,19.0,111.0,310000.0,185
BARKING AND DAGENHAM,02-2019,415000.0,240000.0,172741.0,345000.0,310000.0,1.0,37.0,10.0,19.0,77.0,300000.0,144
BARKING AND DAGENHAM,03-2017,446250.0,234997.5,225000.0,330000.0,311250.0,2.0,70.0,12.0,21.0,148.0,300000.0,253
BARKING AND DAGENHAM,03-2018,430000.0,230000.0,370000.0,325000.0,305000.0,1.0,54.0,16.0,26.0,117.0,299500.0,214
BARKING AND DAGENHAM,03-2019,,212500.0,337500.0,380000.0,312500.0,,12.0,2.0,6.0,47.0,308000.0,67
BARKING AND DAGENHAM,04-2017,485000.0,248997.5,355000.0,355000.0,307000.0,1.0,48.0,6.0,19.0,76.0,297000.0,150
BARKING AND DAGENHAM,04-2018,,250260.0,683000.0,355000.0,312000.0,,69.0,6.0,16.0,92.0,300000.0,183
BARKING AND DAGENHAM,05-2017,447500.0,235000.0,262500.0,352497.5,315000.0,2.0,51.0,6.0,18.0,130.0,310000.0,207
BARKING AND DAGENHAM,05-2018,380000.0,268000.0,213750.0,349000.0,315000.0,1.0,61.0,2.0,10.0,117.0,308000.0,191
BARKING AND DAGENHAM,06-2017,385000.0,222000.0,215456.5,327000.0,315000.0,3.0,57.0,10.0,17.0,133.0,306000.0,220
BARKING AND DAGENHAM,06-2018,,285000.0,498750.0,377500.0,317000.0,,69.0,12.0,24.0,113.0,309497.5,218
BARKING AND DAGENHAM,07-2017,455000.0,225500.0,183000.0,345000.0,310000.0,1.0,55.0,14.0,12.0,109.0,295500.0,191
BARKING AND DAGENHAM,07-2018,537500.0,256495.0,3344147.0,324000.0,320000.0,4.0,98.0,2.0,23.0,107.0,308995.0,234
BARKING AND DAGENHAM,08-2017,,220000.0,508750.0,352000.0,320000.0,,39.0,4.0,29.0,111.0,312000.0,183
BARKING AND DAGENHAM,08-2018,389000.0,138500.0,357750.0,345000.0,311500.0,1.0,80.0,8.0,21.0,100.0,298750.0,210
BARKING AND DAGENHAM,09-2017,433000.0,250000.0,175000.0,347500.0,312250.0,1.0,65.0,9.0,18.0,116.0,300000.0,209
BARKING AND DAGENHAM,09-2018,365000.0,228750.0,250000.0,382750.0,326500.0,1.0,42.0,9.0,14.0,105.0,310000.0,171
BARKING AND DAGENHAM,10-2017,335000.0,248707.0,69000.0,380000.0,303500.0,2.0,98.0,8.0,21.0,108.0,295495.0,237
BARKING AND DAGENHAM,10-2018,446500.0,227500.0,860000.0,347500.0,320000.0,2.0,60.0,9.0,16.0,107.0,306750.0,194
BARKING AND DAGENHAM,11-2017,330000.0,247995.0,300000.0,325000.0,315000.0,1.0,82.0,11.0,22.0,118.0,300000.0,234
BARKING AND DAGENHAM,11-2018,360000.0,240000.0,310000.0,345000.0,320500.0,1.0,35.0,8.0,23.0,121.0,320000.0,188
BARKING AND DAGENHAM,12-2017,440000.0,233000.0,415000.0,340000.0,316000.0,2.0,72.0,11.0,17.0,120.0,293000.0,222
BARKING AND DAGENHAM,12-2018,,236000.0,350000.0,340000.0,317500.0,,46.0,9.0,15.0,91.0,310000.0,161
BARNET,01-2017,1300000.0,372500.0,424500.0,669625.0,586250.0,14.0,149.0,28.0,62.0,58.0,500000.0,311
BARNET,01-2018,962250.0,366250.0,60050.0,765000.0,612000.0,18.0,146.0,24.0,71.0,50.0,500000.0,309
BARNET,01-2019,1075000.0,412500.0,211777.0,725000.0,565000.0,25.0,130.0,13.0,69.0,50.0,530000.0,287
BARNET,02-2017,1167500.0,365000.0,720000.0,700000.0,565000.0,32.0,187.0,29.0,64.0,65.0,479950.0,377
BARNET,02-2018,1150000.0,385000.0,755000.0,785000.0,620750.0,29.0,153.0,31.0,71.0,52.0,530000.0,336
BARNET,02-2019,1157500.0,372500.0,171499.5,727500.0,575000.0,18.0,109.0,14.0,53.0,49.0,515000.0,243
BARNET,03-2017,1533500.0,390000.0,825000.0,738750.0,515000.0,36.0,293.0,29.0,80.0,70.0,465125.0,508
BARNET,03-2018,1147500.0,385000.0,305000.0,770000.0,565000.0,35.0,173.0,29.0,71.0,71.0,515000.0,379
BARNET,03-2019,1065000.0,393350.0,12000000.0,640362.0,600000.0,11.0,52.0,3.0,28.0,27.0,522500.0,121
BARNET,04-2017,1552000.0,382500.0,265000.0,665000.0,570000.0,36.0,172.0,24.0,71.0,56.0,515000.0,359
BARNET,04-2018,903500.0,400000.0,395000.0,650000.0,599999.0,24.0,178.0,21.0,73.0,54.0,508475.0,350
BARNET,05-2017,1142500.0,395000.0,75000.0,757000.0,599995.0,38.0,198.0,28.0,79.0,75.0,520000.0,418
BARNET,05-2018,1150000.0,390000.0,105000.0,700000.0,500000.0,27.0,147.0,20.0,64.0,46.0,486250.0,304
BARNET,06-2017,1000000.0,375000.0,210000.0,705000.0,602500.0,41.0,274.0,35.0,81.0,94.0,500000.0,525
BARNET,06-2018,1000000.0,420000.0,791875.0,707000.0,599999.0,22.0,348.0,20.0,79.0,65.0,475750.0,534
BARNET,07-2017,1220000.0,370500.0,18000.0,735000.0,545000.0,37.0,218.0,41.0,85.0,65.0,467500.0,446
BARNET,07-2018,1150000.0,373000.0,305000.0,675000.0,540000.0,35.0,181.0,25.0,87.0,69.0,497000.0,397
BARNET,08-2017,985000.0,410000.0,100000.0,662500.0,561750.0,35.0,246.0,31.0,90.0,76.0,485500.0,478
BARNET,08-2018,975000.0,400000.0,430000.0,730000.0,630000.0,32.0,241.0,25.0,99.0,81.0,490000.0,478
BARNET,09-2017,1090000.0,409250.0,377000.0,750000.0,620000.0,27.0,198.0,31.0,95.0,70.0,530000.0,421
BARNET,09-2018,1000000.0,392000.0,510000.0,713750.0,650000.0,49.0,274.0,21.0,56.0,61.0,454829.0,461
BARNET,10-2017,1275000.0,390000.0,412500.0,750000.0,576500.0,34.0,183.0,35.0,104.0,69.0,520000.0,425
BARNET,10-2018,970000.0,400000.0,244650.0,747000.0,573750.0,33.0,225.0,17.0,78.0,66.0,504187.0,419
BARNET,11-2017,1100000.0,385000.0,575000.0,690000.0,569000.0,36.0,195.0,39.0,80.0,56.0,495000.0,406
BARNET,11-2018,1292500.0,415000.0,267000.0,680000.0,600000.0,33.0,167.0,21.0,74.0,52.0,495000.0,347
BARNET,12-2017,988000.0,344695.0,155000.0,745000.0,632000.0,31.0,220.0,25.0,94.0,60.0,482500.0,430
BARNET,12-2018,1067500.0,406250.0,450000.0,715000.0,595000.0,28.0,186.0,21.0,68.0,67.0,516250.0,370
BEXLEY,01-2017,566000.0,227500.0,543500.0,412500.0,305000.0,15.0,54.0,8.0,90.0,85.0,323500.0,252
BEXLEY,01-2018,544000.0,240000.0,5000.0,411250.0,340000.0,13.0,70.0,3.0,88.0,84.0,340000.0,258
BEXLEY,01-2019,565000.0,220000.0,185000.0,398747.5,340000.0,11.0,56.0,7.0,88.0,77.0,343000.0,239
BEXLEY,02-2017,490000.0,232750.0,325000.0,412500.0,325000.0,15.0,78.0,7.0,86.0,102.0,325000.0,288
BEXLEY,02-2018,517500.0,242250.0,300000.0,410000.0,321000.0,13.0,74.0,9.0,88.0,67.0,340000.0,251
BEXLEY,02-2019,585000.0,230000.0,430000.0,415000.0,337500.0,9.0,56.0,5.0,89.0,64.0,350000.0,223
BEXLEY,03-2017,505000.0,230000.0,95000.0,392000.0,324497.5,16.0,77.0,17.0,89.0,96.0,323818.0,295
BEXLEY,03-2018,531000.0,237500.0,607500.0,395000.0,338000.0,13.0,83.0,14.0,87.0,79.0,335000.0,276
BEXLEY,03-2019,560000.0,218500.0,20000.0,435000.0,350000.0,10.0,16.0,3.0,29.0,31.0,350000.0,89
BEXLEY,04-2017,440000.0,225000.0,355000.0,402500.0,305000.0,7.0,75.0,19.0,94.0,89.0,303750.0,284
BEXLEY,04-2018,597500.0,243500.0,640000.0,400000.0,327500.0,10.0,60.0,11.0,95.0,81.0,335000.0,257
BEXLEY,05-2017,511500.0,244950.0,288500.0,425000.0,333000.0,12.0,69.0,6.0,96.0,81.0,338996.0,264
BEXLEY,05-2018,505000.0,225000.0,215000.0,420000.0,340000.0,14.0,59.0,18.0,91.0,90.0,340000.0,272
BEXLEY,06-2017,490000.0,200000.0,362500.0,400000.0,324000.0,19.0,146.0,8.0,118.0,100.0,315000.0,391
BEXLEY,06-2018,502500.0,233500.0,230000.0,421000.0,345000.0,18.0,64.0,23.0,102.0,96.0,350000.0,303
BEXLEY,07-2017,555000.0,255000.0,148133.0,385000.0,345000.0,15.0,89.0,15.0,101.0,114.0,339995.0,334
BEXLEY,07-2018,575000.0,242000.0,260000.0,414000.0,342000.0,19.0,73.0,12.0,98.0,92.0,355000.0,294
BEXLEY,08-2017,505000.0,270000.0,7000.0,431000.0,329000.0,25.0,144.0,27.0,111.0,140.0,335000.0,447
BEXLEY,08-2018,633750.0,238750.0,265000.0,415000.0,325000.0,18.0,62.0,7.0,129.0,105.0,350000.0,321
BEXLEY,09-2017,580000.0,208000.0,320000.0,392500.0,345000.0,16.0,85.0,17.0,102.0,95.0,336000.0,315
BEXLEY,09-2018,538750.0,240000.0,350000.0,416500.0,335000.0,20.0,59.0,9.0,90.0,79.0,355000.0,257
BEXLEY,10-2017,415000.0,212500.0,330000.0,410000.0,335000.0,17.0,105.0,9.0,125.0,104.0,335000.0,360
BEXLEY,10-2018,455000.0,251750.0,231500.0,400000.0,346500.0,15.0,62.0,18.0,112.0,102.0,345000.0,309
BEXLEY,11-2017,540000.0,237500.0,300000.0,405000.0,325000.0,17.0,93.0,20.0,109.0,107.0,333000.0,346
BEXLEY,11-2018,600000.0,240000.0,333750.0,413000.0,331500.0,19.0,83.0,16.0,125.0,104.0,348000.0,347
BEXLEY,12-2017,535000.0,245000.0,285000.0,406000.0,340000.0,23.0,84.0,14.0,103.0,98.0,345000.0,322
BEXLEY,12-2018,580000.0,245825.0,140000.0,420500.0,345000.0,7.0,78.0,19.0,84.0,67.0,328000.0,255
BRENT,01-2017,582500.0,415000.0,492635.0,742500.0,540000.0,6.0,131.0,23.0,28.0,39.0,475000.0,227
BRENT,01-2018,660000.0,375000.0,360000.0,560000.0,615000.0,5.0,107.0,24.0,25.0,36.0,450000.0,197
BRENT,01-2019,723500.0,390000.0,420000.0,550000.0,517500.0,3.0,74.0,11.0,27.0,34.0,480000.0,149
BRENT,02-2017,925000.0,410000.0,350000.0,530000.0,560750.0,3.0,131.0,17.0,28.0,34.0,460000.0,213
BRENT,02-2018,790000.0,375000.0,791000.0,627500.0,650500.0,8.0,95.0,27.0,26.0,40.0,491875.0,196
BRENT,02-2019,849000.0,367825.0,2652073.0,597500.0,605000.0,7.0,54.0,9.0,20.0,38.0,525000.0,128
BRENT,03-2017,945000.0,380000.0,285000.0,620000.0,527500.0,6.0,132.0,29.0,31.0,51.0,463500.0,249
BRENT,03-2018,765000.0,404120.0,52500.0,600000.0,625000.0,9.0,103.0,21.0,33.0,40.0,477500.0,206
BRENT,03-2019,,347000.0,18250.0,700000.0,482500.0,,29.0,4.0,15.0,24.0,450000.0,72
BRENT,04-2017,809250.0,396000.0,600000.0,632500.0,612500.0,6.0,115.0,23.0,32.0,40.0,490480.0,216
BRENT,04-2018,930000.0,372500.0,475000.0,580000.0,557000.0,12.0,102.0,21.0,28.0,31.0,477500.0,194
BRENT,05-2017,702500.0,415000.0,410000.0,620000.0,617500.0,10.0,193.0,25.0,36.0,34.0,477500.0,298
BRENT,05-2018,802500.0,291000.0,405000.0,587500.0,500000.0,6.0,163.0,21.0,30.0,29.0,375000.0,249
BRENT,06-2017,1125000.0,411500.0,522500.0,610000.0,740000.0,11.0,196.0,24.0,41.0,43.0,500000.0,315
BRENT,06-2018,760000.0,429125.0,395000.0,517500.0,669975.0,7.0,124.0,15.0,20.0,38.0,460000.0,204
BRENT,07-2017,692500.0,376650.0,452500.0,600500.0,601000.0,6.0,151.0,24.0,32.0,48.0,475000.0,261
BRENT,07-2018,1072500.0,430000.0,742998.5,575000.0,605000.0,6.0,177.0,16.0,29.0,51.0,480000.0,279
BRENT,08-2017,815000.0,409606.0,249750.0,597500.0,685000.0,11.0,127.0,20.0,36.0,35.0,485000.0,229
BRENT,08-2018,1175000.0,380000.0,100000.0,600000.0,735000.0,11.0,168.0,20.0,35.0,51.0,460000.0,285
BRENT,09-2017,675000.0,352000.0,450000.0,595000.0,623000.0,7.0,97.0,23.0,43.0,45.0,495000.0,215
BRENT,09-2018,877500.0,330000.0,310000.0,631500.0,542500.0,16.0,137.0,17.0,34.0,46.0,482500.0,250
BRENT,10-2017,840000.0,370000.0,727500.0,706000.0,599995.0,4.0,80.0,24.0,21.0,50.0,467500.0,179
BRENT,10-2018,732000.0,404500.0,875000.0,600000.0,505000.0,6.0,130.0,10.0,33.0,37.0,485500.0,216
BRENT,11-2017,730000.0,438634.0,450000.0,620000.0,572500.0,10.0,201.0,29.0,25.0,40.0,475000.0,305
BRENT,11-2018,1425000.0,422750.0,857500.0,540000.0,545000.0,7.0,114.0,28.0,35.0,35.0,500000.0,219
BRENT,12-2017,810000.0,423500.0,1225000.0,560000.0,660000.0,8.0,96.0,17.0,33.0,58.0,540000.0,212
BRENT,12-2018,735000.0,395000.0,260000.0,560000.0,505000.0,5.0,104.0,15.0,33.0,33.0,466665.0,190
BROMLEY,01-2017,770000.0,320000.0,258200.0,515000.0,450000.0,53.0,134.0,21.0,91.0,84.0,415000.0,383
BROMLEY,01-2018,800000.0,327500.0,400000.0,515000.0,430000.0,48.0,106.0,19.0,81.0,87.0,430000.0,341
BROMLEY,01-2019,770000.0,297500.0,305500.0,515000.0,400000.0,37.0,82.0,14.0,78.0,71.0,422500.0,282
BROMLEY,02-2017,742500.0,320000.0,292500.0,493750.0,428750.0,50.0,142.0,20.0,66.0,68.0,405000.0,346
BROMLEY,02-2018,795075.0,318500.0,242000.0,502000.0,418000.0,44.0,112.0,21.0,87.0,89.0,420000.0,353
BROMLEY,02-2019,808000.0,320000.0,175000.0,490000.0,416000.0,46.0,104.0,11.0,90.0,75.0,429500.0,326
BROMLEY,03-2017,785000.0,310000.0,90000.0,515000.0,416000.0,68.0,176.0,25.0,98.0,98.0,405000.0,465
BROMLEY,03-2018,706250.0,311250.0,333000.0,485000.0,411000.0,78.0,152.0,33.0,98.0,87.0,421000.0,448
BROMLEY,03-2019,714500.0,300000.0,23000.0,476000.0,386000.0,16.0,35.0,6.0,44.0,46.0,410000.0,147
BROMLEY,04-2017,900000.0,315000.0,460000.0,501497.5,425000.0,45.0,130.0,14.0,94.0,81.0,410000.0,364
BROMLEY,04-2018,790000.0,294500.0,229750.0,499000.0,426250.0,48.0,236.0,26.0,86.0,84.0,383250.0,480
BROMLEY,05-2017,751250.0,323500.0,252500.0,514000.0,437500.0,64.0,142.0,22.0,91.0,88.0,410000.0,407
BROMLEY,05-2018,730000.0,330000.0,418500.0,535000.0,438000.0,62.0,129.0,22.0,81.0,93.0,440000.0,387
BROMLEY,06-2017,853500.0,310000.0,350000.0,515000.0,440000.0,76.0,181.0,29.0,126.0,120.0,433750.0,532
BROMLEY,06-2018,745000.0,323500.0,518000.0,530000.0,415000.0,69.0,132.0,21.0,103.0,116.0,435000.0,441
BROMLEY,07-2017,780000.0,318000.0,387500.0,570000.0,435000.0,89.0,131.0,24.0,112.0,112.0,476250.0,468
BROMLEY,07-2018,715000.0,329500.0,331000.0,500000.0,420000.0,71.0,147.0,20.0,115.0,97.0,437000.0,450
BROMLEY,08-2017,745000.0,336500.0,310000.0,505000.0,440000.0,83.0,162.0,12.0,153.0,131.0,425000.0,541
BROMLEY,08-2018,760000.0,325057.0,202000.0,540000.0,430000.0,87.0,265.0,35.0,133.0,128.0,421475.0,648
BROMLEY,09-2017,795000.0,335000.0,235000.0,540000.0,435000.0,69.0,144.0,16.0,125.0,109.0,450000.0,463
BROMLEY,09-2018,780000.0,325000.0,175000.0,535000.0,443000.0,77.0,120.0,17.0,99.0,83.0,450000.0,396
BROMLEY,10-2017,779995.0,334975.0,427500.0,492500.0,435000.0,69.0,138.0,14.0,116.0,105.0,435915.0,442
BROMLEY,10-2018,750000.0,335000.0,180000.0,520250.0,450000.0,66.0,155.0,19.0,108.0,120.0,430000.0,468
BROMLEY,11-2017,797400.0,321750.0,279250.0,527500.0,410000.0,58.0,132.0,22.0,124.0,87.0,445500.0,423
BROMLEY,11-2018,761400.0,335000.0,498000.0,520000.0,415000.0,69.0,151.0,31.0,119.0,84.0,435000.0,454
BROMLEY,12-2017,800000.0,300000.0,398750.0,517500.0,425000.0,61.0,143.0,32.0,106.0,116.0,425000.0,458
BROMLEY,12-2018,673750.0,297500.0,459500.0,480000.0,454500.0,42.0,118.0,16.0,83.0,84.0,434000.0,343
CAMDEN,01-2017,6750000.0,597475.0,301500.0,1250000.0,1780000.0,4.0,172.0,32.0,5.0,17.0,672061.0,230
CAMDEN,01-2018,1800000.0,722500.0,1367500.0,3662500.0,1812500.0,1.0,166.0,26.0,6.0,16.0,815000.0,215
CAMDEN,01-2019,3475000.0,640000.0,5534400.0,3050000.0,1588000.0,2.0,86.0,10.0,3.0,17.0,856250.0,118
CAMDEN,02-2017,4675000.0,700000.0,635250.0,2500000.0,1481000.0,4.0,148.0,31.0,2.0,12.0,755000.0,197
CAMDEN,02-2018,2650000.0,790000.0,1624666.0,3058000.0,1400000.0,3.0,157.0,35.0,5.0,9.0,880000.0,209
CAMDEN,02-2019,4670000.0,563500.0,500000.0,2006000.0,1297500.0,3.0,90.0,25.0,5.0,10.0,601500.0,133
CAMDEN,03-2017,4350000.0,635000.0,935000.0,4450000.0,1400000.0,5.0,215.0,41.0,5.0,21.0,710000.0,287
CAMDEN,03-2018,2040000.0,600000.0,551250.0,2750000.0,1400000.0,2.0,141.0,46.0,5.0,23.0,665000.0,217
CAMDEN,03-2019,38500000.0,570000.0,2075000.0,2900000.0,1250000.0,1.0,51.0,15.0,1.0,3.0,645000.0,71
CAMDEN,04-2017,7175000.0,748750.0,1196000.0,3010000.0,1460000.0,4.0,176.0,31.0,2.0,23.0,803000.0,236
CAMDEN,04-2018,3475000.0,635500.0,1000000.0,2060000.0,1740000.0,4.0,120.0,25.0,2.0,19.0,774500.0,170
CAMDEN,05-2017,2650000.0,775000.0,764031.5,2600000.0,1510000.0,3.0,162.0,34.0,5.0,14.0,806800.0,218
CAMDEN,05-2018,3400000.0,648750.0,2342000.0,2677500.0,1450000.0,1.0,122.0,29.0,11.0,21.0,772500.0,184
CAMDEN,06-2017,4450000.0,717000.0,546175.0,4750000.0,1562500.0,2.0,245.0,35.0,6.0,30.0,760000.0,318
CAMDEN,06-2018,3050000.0,707500.0,55000.0,2150000.0,1527650.0,3.0,153.0,26.0,5.0,20.0,736000.0,207
CAMDEN,07-2017,1935000.0,664700.0,1915000.0,3095000.0,1550000.0,5.0,129.0,26.0,16.0,25.0,845061.0,201
CAMDEN,07-2018,3702831.5,700000.0,1362500.0,2331250.0,1600000.0,6.0,139.0,28.0,8.0,23.0,830000.0,204
CAMDEN,08-2017,2025000.0,715000.0,50000.0,1595000.0,1650000.0,2.0,181.0,24.0,7.0,23.0,738500.0,237
CAMDEN,08-2018,7500000.0,710000.0,1085000.0,3250000.0,1210000.0,3.0,166.0,30.0,11.0,23.0,790000.0,233
CAMDEN,09-2017,2887500.0,690000.0,190000.0,1900000.0,1557500.0,4.0,173.0,21.0,9.0,29.0,757499.5,236
CAMDEN,09-2018,1585000.0,620000.0,965000.0,1971250.0,1737500.0,3.0,119.0,26.0,6.0,16.0,697475.0,170
CAMDEN,10-2017,4357500.0,681000.0,375000.0,2387500.0,1650000.0,4.0,184.0,35.0,5.0,10.0,710000.0,238
CAMDEN,10-2018,3300000.0,600000.0,800000.0,1980000.0,1345000.0,3.0,112.0,19.0,9.0,19.0,710000.0,162
CAMDEN,11-2017,5390000.0,666336.0,120000.0,2445000.0,1250000.0,2.0,221.0,31.0,4.0,12.0,668168.0,270
CAMDEN,11-2018,4550000.0,660000.0,1170000.0,1350000.0,1552500.0,3.0,146.0,23.0,5.0,24.0,745000.0,201
CAMDEN,12-2017,4910000.0,735000.0,1350000.0,2600000.0,1650000.0,1.0,184.0,33.0,5.0,19.0,768750.0,242
CAMDEN,12-2018,2595000.0,747000.0,2350000.0,2150000.0,1318500.0,3.0,179.0,17.0,3.0,18.0,863875.0,220
CITY OF LONDON,01-2017,,825000.0,1000000.0,,,,11.0,15.0,,,895000.0,26
CITY OF LONDON,01-2018,,888099.0,240000.0,,,,34.0,9.0,,,885000.0,43
CITY OF LONDON,01-2019,,882500.0,19000000.0,,,,8.0,5.0,,,1375000.0,13
CITY OF LONDON,02-2017,,762500.0,4005416.5,,2168000.0,,10.0,6.0,,1.0,885000.0,17
CITY OF LONDON,02-2018,,856750.0,1800000.0,,,,30.0,11.0,,,863500.0,41
CITY OF LONDON,02-2019,,773750.0,800000.0,,,,10.0,3.0,,,782500.0,13
CITY OF LONDON,03-2017,,751875.0,780000.0,,,,18.0,13.0,,,760000.0,31
CITY OF LONDON,03-2018,,738000.0,197552.5,,,,21.0,8.0,,,710000.0,29
CITY OF LONDON,03-2019,,827500.0,30000.0,,,,4.0,1.0,,,800000.0,5
CITY OF LONDON,04-2017,,910000.0,86000.0,,,,20.0,3.0,,,850000.0,23
CITY OF LONDON,04-2018,,730000.0,1043558.0,,,,15.0,6.0,,,787116.0,21
CITY OF LONDON,05-2017,,773000.0,1691750.0,,,,22.0,15.0,,,775000.0,37
CITY OF LONDON,05-2018,,927675.0,3005349.0,,,,22.0,12.0,,,932500.0,34
CITY OF LONDON,06-2017,,747500.0,2700000.0,,,,22.0,15.0,,,875000.0,37
CITY OF LONDON,06-2018,,962725.0,8750000.0,,,,94.0,15.0,,,1034160.0,109
CITY OF LONDON,07-2017,,880000.0,31369733.5,,,,21.0,10.0,,,1010000.0,31
CITY OF LONDON,07-2018,,1150000.0,145564.5,,,,33.0,6.0,,,1050000.0,39
CITY OF LONDON,08-2017,,885500.0,2800000.0,,950000.0,,20.0,11.0,,1.0,950000.0,32
CITY OF LONDON,08-2018,,861525.0,76000000.0,,,,22.0,7.0,,,875000.0,29
CITY OF LONDON,09-2017,,850000.0,135000.0,,,,29.0,13.0,,,812225.0,42
CITY OF LONDON,09-2018,,880780.0,849977.0,,,,39.0,8.0,,,880780.0,47
CITY OF LONDON,10-2017,,877100.0,979002.5,,,,19.0,10.0,,,877100.0,29
CITY OF LONDON,10-2018,,883070.0,171790.0,,,,30.0,13.0,,,850000.0,43
CITY OF LONDON,11-2017,,585000.0,4750000.0,,,,15.0,12.0,,,800000.0,27
CITY OF LONDON,11-2018,,941160.0,16305000.0,,2090000.0,,32.0,8.0,,1.0,997000.0,41
CITY OF LONDON,12-2017,,853630.0,763387.0,,10000000.0,,22.0,12.0,,1.0,830000.0,35
CITY OF LONDON,12-2018,,965000.0,50000.0,,,,21.0,5.0,,,959675.0,26
CITY OF WESTMINSTER,01-2017,3650000.0,940000.0,1000000.0,3000000.0,2050000.0,1.0,213.0,56.0,3.0,19.0,1050000.0,292
CITY OF WESTMINSTER,01-2018,2550000.0,1010000.0,115000.0,5250000.0,2300000.0,1.0,248.0,62.0,1.0,21.0,1000000.0,333
CITY OF WESTMINSTER,01-2019,2062500.0,810000.0,662500.0,2750000.0,1650000.0,2.0,115.0,34.0,2.0,15.0,865625.0,168
CITY OF WESTMINSTER,02-2017,,1071250.0,680000.0,3492500.0,2700000.0,,228.0,53.0,2.0,15.0,1092400.0,298
CITY OF WESTMINSTER,02-2018,,1027500.0,201250.0,4200000.0,3650000.0,,230.0,68.0,1.0,17.0,995000.0,316
CITY OF WESTMINSTER,02-2019,3850000.0,820000.0,2000000.0,,1650000.0,1.0,113.0,25.0,,16.0,900000.0,155
CITY OF WESTMINSTER,03-2017,,1125000.0,950000.0,6400800.0,2140000.0,,327.0,75.0,2.0,25.0,1158000.0,429
CITY OF WESTMINSTER,03-2018,4715000.0,1150000.0,240000.0,2600000.0,2077500.0,1.0,221.0,63.0,1.0,16.0,1106250.0,302
CITY OF WESTMINSTER,03-2019,10737500.0,910000.0,250000.0,,1460000.0,2.0,77.0,14.0,,9.0,905000.0,102
CITY OF WESTMINSTER,04-2017,4137500.0,1100612.5,1430000.0,4650000.0,1950000.0,4.0,292.0,50.0,2.0,19.0,1195000.0,367
CITY OF WESTMINSTER,04-2018,9461817.0,947500.0,2000000.0,4400000.0,2675000.0,1.0,204.0,43.0,5.0,18.0,1080000.0,271
CITY OF WESTMINSTER,05-2017,,1100000.0,1250000.0,4275000.0,2650000.0,,235.0,63.0,4.0,23.0,1188250.0,325
CITY OF WESTMINSTER,05-2018,44649998.0,922500.0,1230000.0,5900000.0,2533500.0,1.0,194.0,45.0,1.0,14.0,950500.0,255
CITY OF WESTMINSTER,06-2017,,895750.0,650000.0,6175000.0,1925000.0,,250.0,52.0,4.0,20.0,947500.0,326
CITY OF WESTMINSTER,06-2018,,850000.0,300000.0,4450000.0,2320000.0,,179.0,49.0,2.0,23.0,855000.0,253
CITY OF WESTMINSTER,07-2017,,890000.0,1575000.0,,2099000.0,,211.0,58.0,,29.0,972500.0,298
CITY OF WESTMINSTER,07-2018,,900000.0,1300000.0,4230000.0,2176500.0,,196.0,43.0,1.0,18.0,942500.0,258
CITY OF WESTMINSTER,08-2017,,790000.0,550000.0,4252500.0,2417500.0,,227.0,47.0,2.0,22.0,845000.0,298
CITY OF WESTMINSTER,08-2018,,980000.0,1000001.0,3100000.0,2202500.0,,177.0,43.0,1.0,34.0,1080000.0,255
CITY OF WESTMINSTER,09-2017,10025433.0,850000.0,382000.0,,2100000.0,1.0,273.0,61.0,,27.0,867500.0,362
CITY OF WESTMINSTER,09-2018,,952500.0,1568630.5,6250000.0,2250000.0,,168.0,54.0,3.0,24.0,1000000.0,249
CITY OF WESTMINSTER,10-2017,,900000.0,400000.0,9000000.0,1920000.0,,239.0,77.0,1.0,12.0,875000.0,329
CITY OF WESTMINSTER,10-2018,5495000.0,800000.0,514909.0,6500000.0,2150000.0,3.0,187.0,46.0,1.0,26.0,880000.0,263
CITY OF WESTMINSTER,11-2017,3977500.0,1003500.0,1337500.0,3550000.0,2850000.0,2.0,254.0,70.0,1.0,22.0,1085000.0,349
CITY OF WESTMINSTER,11-2018,7763625.0,850000.0,2500000.5,4125000.0,2050000.0,4.0,191.0,26.0,2.0,30.0,1000001.0,253
CITY OF WESTMINSTER,12-2017,8200000.0,1000000.0,1275000.0,4450000.0,3780000.0,1.0,243.0,66.0,2.0,33.0,1180000.0,345
CITY OF WESTMINSTER,12-2018,6825000.0,800000.0,1615000.0,,2732500.0,2.0,143.0,38.0,,14.0,860000.0,197
CROYDON,01-2017,690000.0,276000.0,1100000.0,475000.0,365500.0,39.0,225.0,29.0,53.0,86.0,329000.0,432
CROYDON,01-2018,637500.0,267000.0,166250.0,483000.0,385000.0,46.0,168.0,32.0,67.0,109.0,365000.0,422
CROYDON,01-2019,726500.0,269500.0,715000.0,445000.0,380000.0,32.0,96.0,26.0,57.0,89.0,380000.0,300
CROYDON,02-2017,652500.0,295000.0,270000.0,475000.0,357500.0,36.0,236.0,39.0,81.0,104.0,340500.0,496
CROYDON,02-2018,722500.0,276000.0,550000.0,522000.0,376250.0,44.0,112.0,27.0,61.0,92.0,394250.0,336
CROYDON,02-2019,640000.0,278000.0,100000.0,432500.0,372500.0,43.0,91.0,17.0,64.0,97.0,392500.0,312
CROYDON,03-2017,602500.0,289975.0,47000.0,447500.0,375000.0,46.0,252.0,32.0,82.0,141.0,344000.0,553
CROYDON,03-2018,605000.0,263000.0,290000.0,470000.0,375750.0,36.0,161.0,43.0,80.0,104.0,350000.0,424
CROYDON,03-2019,535000.0,285000.0,67140.0,485000.0,350000.0,14.0,31.0,7.0,34.0,37.0,375000.0,123
CROYDON,04-2017,614995.0,280000.0,320000.0,485000.0,377200.0,43.0,224.0,33.0,66.0,110.0,350000.0,476
CROYDON,04-2018,720000.0,261000.0,260000.0,471500.0,365000.0,39.0,138.0,31.0,62.0,88.0,355750.0,358
CROYDON,05-2017,623000.0,299995.0,400000.0,450000.0,375000.0,51.0,215.0,24.0,75.0,112.0,360000.0,477
CROYDON,05-2018,735000.0,260000.0,437500.0,450000.0,364500.0,51.0,213.0,25.0,71.0,96.0,348750.0,456
CROYDON,06-2017,681500.0,291995.0,483000.0,462000.0,385000.0,56.0,215.0,35.0,93.0,133.0,380000.0,532
CROYDON,06-2018,682497.5,290000.0,327500.0,515000.0,372500.0,60.0,196.0,30.0,75.0,115.0,365000.0,476
CROYDON,07-2017,685000.0,295000.0,387500.0,485000.0,390000.0,53.0,224.0,24.0,80.0,113.0,374995.0,494
CROYDON,07-2018,715500.0,255000.0,429200.0,475000.0,385000.0,62.0,155.0,25.0,87.0,145.0,380000.0,474
CROYDON,08-2017,690000.0,301850.0,235000.0,505000.0,383800.0,47.0,222.0,30.0,88.0,122.0,360000.0,509
CROYDON,08-2018,662000.0,275000.0,265000.0,499950.0,379000.0,67.0,163.0,24.0,95.0,158.0,380000.0,507
CROYDON,09-2017,630000.0,299972.5,250000.0,475000.0,389250.0,49.0,222.0,27.0,93.0,134.0,375000.0,525
CROYDON,09-2018,665000.0,280000.0,280000.0,509600.0,370000.0,31.0,160.0,26.0,95.0,119.0,362000.0,431
CROYDON,10-2017,675000.0,275000.0,205000.0,441250.0,380000.0,46.0,203.0,35.0,72.0,144.0,350000.0,500
CROYDON,10-2018,650000.0,286500.0,330000.0,460000.0,390000.0,71.0,207.0,27.0,89.0,149.0,375000.0,543
CROYDON,11-2017,648750.0,286750.0,387500.0,477250.0,377000.0,40.0,190.0,48.0,90.0,115.0,360000.0,483
CROYDON,11-2018,667750.0,261500.0,190000.0,460000.0,375000.0,54.0,185.0,21.0,99.0,130.0,365000.0,489
CROYDON,12-2017,677500.0,290000.0,360000.0,503000.0,375000.0,51.0,185.0,29.0,73.0,130.0,374975.0,468
CROYDON,12-2018,672497.5,274000.0,557975.0,451000.0,375000.0,54.0,103.0,20.0,73.0,87.0,380000.0,337
EALING,01-2017,815000.0,410000.0,46500.0,577500.0,580000.0,8.0,116.0,21.0,34.0,63.0,462500.0,242
EALING,01-2018,1650000.0,397225.0,400000.0,532500.0,555500.0,4.0,134.0,28.0,38.0,74.0,450000.0,278
EALING,01-2019,1450000.0,395000.0,26500.0,758000.0,500000.0,5.0,71.0,9.0,39.0,55.0,475000.0,179
EALING,02-2017,1925000.0,384000.0,20250.0,567500.0,592500.0,8.0,137.0,27.0,28.0,74.0,438000.0,274
EALING,02-2018,987500.0,382500.0,50000.0,610000.0,495000.0,12.0,115.0,25.0,44.0,64.0,457500.0,260
EALING,02-2019,650000.0,382000.0,250000.0,625000.0,520000.0,5.0,63.0,17.0,35.0,59.0,500000.0,179
EALING,03-2017,1935000.0,415000.0,355000.0,637500.0,517000.0,10.0,190.0,36.0,40.0,109.0,455000.0,385
EALING,03-2018,1105500.0,395000.0,390000.0,545000.0,527500.0,14.0,143.0,32.0,39.0,74.0,445000.0,302
EALING,03-2019,1950000.0,382500.0,870000.0,620000.0,570000.0,5.0,34.0,11.0,21.0,43.0,530000.0,114
EALING,04-2017,1790000.0,407000.0,160000.0,575000.0,486500.0,4.0,117.0,29.0,45.0,66.0,460000.0,261
EALING,04-2018,1365000.0,370000.0,360000.0,565000.0,513000.0,7.0,149.0,17.0,27.0,68.0,436250.0,268
EALING,05-2017,842500.0,425000.0,2200000.0,527500.0,494972.5,12.0,101.0,49.0,42.0,64.0,500000.0,268
EALING,05-2018,1815000.0,345000.0,301715.0,520000.0,495000.0,6.0,123.0,14.0,37.0,78.0,437000.0,258
EALING,06-2017,1225000.0,375000.0,310000.0,740000.0,505000.0,11.0,128.0,36.0,49.0,85.0,457000.0,309
EALING,06-2018,1017500.0,420000.0,2580000.0,699950.0,553000.0,4.0,163.0,25.0,45.0,84.0,485000.0,321
EALING,07-2017,1587500.0,425000.0,652500.0,620000.0,567500.0,8.0,136.0,34.0,47.0,78.0,530000.0,303
EALING,07-2018,707500.0,400000.0,425000.0,690000.0,611250.0,10.0,153.0,15.0,71.0,92.0,495000.0,341
EALING,08-2017,1400000.0,415000.0,330000.0,595000.0,525000.0,9.0,166.0,32.0,53.0,91.0,470000.0,351
EALING,08-2018,1342500.0,450000.0,265000.0,530000.0,535000.0,8.0,167.0,21.0,43.0,86.0,480000.0,325
EALING,09-2017,925817.5,440000.0,400000.0,662500.0,531500.0,6.0,125.0,29.0,40.0,96.0,502500.0,296
EALING,09-2018,860000.0,250000.0,100000.0,582500.0,570000.0,8.0,222.0,21.0,48.0,73.0,405000.0,372
EALING,10-2017,1235000.0,365000.0,230000.0,560000.0,490000.0,9.0,109.0,21.0,49.0,77.0,460000.0,265
EALING,10-2018,1105000.0,415000.0,166093.0,550000.0,460000.0,6.0,120.0,26.0,39.0,81.0,450000.0,272
EALING,11-2017,1400000.0,420000.0,478000.0,598000.0,537000.0,7.0,127.0,31.0,35.0,80.0,473262.5,280
EALING,11-2018,1880000.0,399950.0,415000.0,526250.0,520000.0,10.0,119.0,23.0,38.0,98.0,485000.0,288
EALING,12-2017,1000000.0,360000.0,600000.0,570000.0,550000.0,5.0,158.0,21.0,41.0,79.0,438975.0,304
EALING,12-2018,1200000.0,402500.0,402500.0,587500.0,530000.0,7.0,94.0,16.0,33.0,66.0,475000.0,216
ENFIELD,01-2017,950000.0,262000.0,281500.0,567500.0,410000.0,9.0,99.0,18.0,36.0,93.0,380000.0,255
ENFIELD,01-2018,1100000.0,288750.0,247500.0,557500.0,400000.0,7.0,84.0,31.0,26.0,89.0,370000.0,237
ENFIELD,01-2019,836000.0,265000.0,320000.0,644610.0,372500.0,12.0,70.0,15.0,40.0,91.0,376250.0,228
ENFIELD,02-2017,1132153.0,277500.0,310000.0,575000.0,415000.0,6.0,105.0,20.0,34.0,74.0,381000.0,239
ENFIELD,02-2018,950000.0,265000.0,37670.0,642000.0,421500.0,9.0,97.0,11.0,30.0,98.0,364000.0,245
ENFIELD,02-2019,1020000.0,260000.0,380000.0,575000.0,397500.0,7.0,53.0,16.0,35.0,96.0,380223.0,207
ENFIELD,03-2017,737500.0,279997.5,130000.0,575000.0,400000.0,14.0,130.0,24.0,62.0,106.0,380000.0,336
ENFIELD,03-2018,1312500.0,309000.0,426000.0,597500.0,415000.0,18.0,99.0,19.0,36.0,107.0,397000.0,279
ENFIELD,03-2019,955000.0,312500.0,123000.0,432500.0,435000.0,4.0,24.0,8.0,16.0,29.0,400000.0,81
ENFIELD,04-2017,967500.0,271500.0,308500.0,675000.0,450000.0,12.0,100.0,24.0,45.0,86.0,410000.0,267
ENFIELD,04-2018,745000.0,270500.0,88435.5,555000.0,425000.0,7.0,74.0,14.0,29.0,75.0,375000.0,199
ENFIELD,05-2017,999995.0,264500.0,130000.0,600000.0,415000.0,9.0,101.0,25.0,48.0,117.0,384000.0,300
ENFIELD,05-2018,890000.0,292000.0,70000.0,570000.0,415000.0,6.0,95.0,17.0,36.0,99.0,390000.0,253
ENFIELD,06-2017,900000.0,281000.0,200000.0,670000.0,405000.0,13.0,129.0,23.0,51.0,142.0,388250.0,358
ENFIELD,06-2018,795000.0,276250.0,80000.0,550000.0,417000.0,7.0,102.0,7.0,49.0,130.0,375000.0,295
ENFIELD,07-2017,830000.0,295000.0,41000.0,573750.0,437500.0,9.0,123.0,15.0,42.0,94.0,380000.0,283
ENFIELD,07-2018,847000.0,265000.0,200000.0,610000.0,425000.0,11.0,104.0,17.0,33.0,112.0,380000.0,277
ENFIELD,08-2017,1100000.0,279500.0,120000.0,630000.0,400000.0,9.0,116.0,25.0,55.0,128.0,385000.0,333
ENFIELD,08-2018,1000000.0,282497.5,148000.0,595000.0,395000.0,15.0,90.0,13.0,48.0,121.0,393500.0,287
ENFIELD,09-2017,1100000.0,310000.0,213573.0,532500.0,423250.0,15.0,89.0,17.0,41.0,92.0,415000.0,254
ENFIELD,09-2018,1305000.0,275000.0,420000.0,566000.0,415000.0,17.0,89.0,9.0,44.0,120.0,397000.0,279
ENFIELD,10-2017,1100000.0,278000.0,362500.0,621000.0,418000.0,12.0,113.0,21.0,57.0,113.0,395000.0,316
ENFIELD,10-2018,1135000.0,282500.0,412500.0,480000.0,411000.0,18.0,95.0,14.0,43.0,98.0,380000.0,268
ENFIELD,11-2017,840000.0,277369.0,20000.0,520500.0,400000.0,13.0,80.0,15.0,38.0,107.0,387000.0,253
ENFIELD,11-2018,902500.0,275000.0,800000.0,637500.0,390000.0,10.0,71.0,15.0,44.0,98.0,390000.0,238
ENFIELD,12-2017,1007500.0,267500.0,88500.0,560000.0,400000.0,9.0,88.0,20.0,33.0,122.0,375000.0,272
ENFIELD,12-2018,779500.0,276000.0,177497.5,609999.5,415000.0,10.0,67.0,22.0,36.0,84.0,392500.0,219
GREENWICH,01-2017,1975000.0,410000.0,265001.0,449250.0,380000.0,3.0,158.0,17.0,34.0,79.0,405000.0,291
GREENWICH,01-2018,1720000.0,402500.0,431000.0,506000.0,380000.0,3.0,133.0,14.0,21.0,66.0,415000.0,237
GREENWICH,01-2019,602500.0,347700.0,275000.0,455000.0,390000.0,8.0,132.0,13.0,28.0,77.0,375000.0,258
GREENWICH,02-2017,850000.0,325000.0,190000.0,486000.0,400000.0,5.0,139.0,7.0,20.0,89.0,371250.0,260
GREENWICH,02-2018,740000.0,365000.0,35000.0,430000.0,407500.0,5.0,125.0,9.0,33.0,88.0,405000.0,260
GREENWICH,02-2019,1255000.0,354437.5,338000.0,505000.0,395000.0,3.0,100.0,13.0,23.0,52.0,375000.0,191
GREENWICH,03-2017,610000.0,362000.0,237500.0,427000.0,375000.0,7.0,173.0,18.0,33.0,107.0,375000.0,338
GREENWICH,03-2018,750000.0,345000.0,1257120.0,492500.0,437500.0,5.0,144.0,12.0,46.0,122.0,410000.0,329
GREENWICH,03-2019,525000.0,365625.0,490000.0,440500.0,385000.0,5.0,39.0,5.0,16.0,28.0,400000.0,93
GREENWICH,04-2017,487500.0,375000.0,112500.0,522500.0,396000.0,4.0,137.0,16.0,38.0,74.0,400000.0,269
GREENWICH,04-2018,775000.0,394500.0,609952.0,506995.0,387000.0,7.0,210.0,17.0,25.0,71.0,400000.0,330
GREENWICH,05-2017,700000.0,420000.0,475000.0,450000.0,399497.5,8.0,165.0,12.0,30.0,70.0,420000.0,285
GREENWICH,05-2018,1500000.0,395650.0,379500.0,490000.0,395250.0,3.0,223.0,16.0,27.0,80.0,399000.0,349
GREENWICH,06-2017,520000.0,428737.5,437500.0,495000.0,427500.0,9.0,288.0,11.0,36.0,120.0,435000.0,464
GREENWICH,06-2018,710000.0,414000.0,365000.0,510000.0,410000.0,7.0,208.0,11.0,49.0,99.0,422997.5,374
GREENWICH,07-2017,700000.0,383000.0,350000.0,472500.0,425000.0,3.0,195.0,15.0,30.0,95.0,402750.0,338
GREENWICH,07-2018,572500.0,453462.5,725000.0,437500.0,404000.0,6.0,302.0,9.0,38.0,86.0,440000.0,441
GREENWICH,08-2017,548750.0,347500.0,470887.5,490000.0,437772.0,4.0,147.0,22.0,41.0,92.0,400000.0,306
GREENWICH,08-2018,773310.5,448156.0,130500.0,448500.0,425000.0,8.0,230.0,14.0,38.0,100.0,443987.5,390
GREENWICH,09-2017,570000.0,427500.0,228200.0,422000.0,410500.0,7.0,232.0,8.0,37.0,104.0,425000.0,388
GREENWICH,09-2018,755000.0,435550.0,520000.0,547500.0,415000.0,14.0,162.0,8.0,34.0,97.0,460000.0,315
GREENWICH,10-2017,755000.0,440000.0,567500.0,520000.0,400000.0,8.0,262.0,14.0,31.0,101.0,440000.0,416
GREENWICH,10-2018,665000.0,451050.0,410000.0,515000.0,411000.0,4.0,213.0,13.0,37.0,98.0,455000.0,365
GREENWICH,11-2017,942500.0,420000.0,413000.0,465000.0,400000.0,4.0,212.0,16.0,31.0,91.0,420000.0,354
GREENWICH,11-2018,600000.0,400000.0,390000.0,433250.0,412500.0,5.0,190.0,9.0,32.0,76.0,407650.0,312
GREENWICH,12-2017,737500.0,379997.5,31500.0,442500.0,380000.0,2.0,164.0,10.0,33.0,87.0,386250.0,296
GREENWICH,12-2018,710000.0,405000.0,559000.0,537500.0,380000.0,7.0,103.0,10.0,18.0,60.0,410000.0,198
HACKNEY,01-2017,,560025.0,610000.0,1165000.0,1100000.0,,172.0,26.0,3.0,28.0,607500.0,229
HACKNEY,01-2018,,500000.0,983000.0,515000.0,940000.0,,174.0,24.0,3.0,25.0,555000.0,226
HACKNEY,01-2019,966600.0,445500.0,732500.0,1625000.0,947500.0,1.0,94.0,18.0,7.0,38.0,595000.0,158
HACKNEY,02-2017,,470000.0,425000.0,830000.0,945000.0,,143.0,18.0,3.0,37.0,521000.0,201
HACKNEY,02-2018,,510000.0,515000.0,1150000.0,1161250.0,,136.0,20.0,3.0,32.0,565000.0,191
HACKNEY,02-2019,1160000.0,455000.0,502500.0,1291500.0,850000.0,1.0,99.0,12.0,4.0,24.0,497500.0,140
HACKNEY,03-2017,,415000.0,568250.0,1100000.0,971000.0,,197.0,28.0,1.0,33.0,465000.0,259
HACKNEY,03-2018,,434000.0,500000.0,885000.0,858049.5,,143.0,13.0,2.0,28.0,475000.0,186
HACKNEY,03-2019,,397500.0,320000.0,,850000.0,,44.0,11.0,,12.0,470000.0,67
HACKNEY,04-2017,1900000.0,465000.0,1000000.0,942000.0,917500.0,1.0,157.0,17.0,3.0,34.0,500000.0,212
HACKNEY,04-2018,1320000.0,460000.0,367500.0,1775000.0,960000.0,1.0,137.0,22.0,2.0,40.0,544000.0,202
HACKNEY,05-2017,1575000.0,492000.0,174000.0,1805000.0,915000.0,3.0,149.0,21.0,2.0,24.0,525000.0,199
HACKNEY,05-2018,,470500.0,477000.0,1050000.0,1013500.0,,141.0,28.0,3.0,26.0,510000.0,198
HACKNEY,06-2017,,450000.0,367500.0,657000.0,985000.0,,143.0,22.0,1.0,31.0,485000.0,197
HACKNEY,06-2018,,550000.0,81500.0,962500.0,825000.0,,157.0,12.0,4.0,38.0,590000.0,211
HACKNEY,07-2017,1330000.0,419997.5,550000.0,810000.0,950000.0,1.0,256.0,20.0,3.0,43.0,460000.0,323
HACKNEY,07-2018,810000.0,477500.0,590000.0,1380000.0,1120700.0,1.0,214.0,14.0,5.0,35.0,550000.0,269
HACKNEY,08-2017,,485000.0,780000.0,1060000.0,1100000.0,,173.0,28.0,3.0,51.0,551000.0,255
HACKNEY,08-2018,2800000.0,475000.0,262420.0,975000.0,975000.0,1.0,221.0,20.0,1.0,40.0,522500.0,283
HACKNEY,09-2017,,432500.0,210000.0,1502500.0,960000.0,,156.0,19.0,2.0,48.0,510000.0,225
HACKNEY,09-2018,,500000.0,364750.0,1500000.0,930000.0,,195.0,20.0,1.0,23.0,553000.0,239
HACKNEY,10-2017,3000000.0,405000.0,378492.0,2067500.0,1012500.0,1.0,226.0,22.0,4.0,43.0,477750.0,296
HACKNEY,10-2018,2330000.0,515000.0,870000.0,924500.0,950000.0,1.0,141.0,17.0,4.0,33.0,590000.0,196
HACKNEY,11-2017,2140000.0,460000.0,4350000.0,888250.0,1115000.0,1.0,147.0,26.0,6.0,34.0,526250.0,214
HACKNEY,11-2018,3300000.0,431500.0,560000.0,1382500.0,1017500.0,1.0,124.0,38.0,8.0,30.0,545000.0,201
HACKNEY,12-2017,1739998.0,530206.5,700000.0,1450000.0,1050000.0,1.0,342.0,21.0,5.0,42.0,550000.0,411
HACKNEY,12-2018,950000.0,450000.0,665000.0,1465000.0,1000000.0,1.0,114.0,26.0,4.0,21.0,505500.0,166
HAMMERSMITH AND FULHAM,01-2017,,699000.0,50000.0,1670000.0,1250000.0,,135.0,21.0,4.0,43.0,750000.0,203
HAMMERSMITH AND FULHAM,01-2018,,652500.0,623380.0,2050000.0,1302500.0,,146.0,19.0,4.0,38.0,767000.0,207
HAMMERSMITH AND FULHAM,01-2019,,630000.0,525180.0,2507500.0,1250000.0,,77.0,23.0,2.0,37.0,800000.0,139
HAMMERSMITH AND FULHAM,02-2017,2225000.0,684500.0,307500.0,2300000.0,1300000.0,1.0,129.0,26.0,3.0,39.0,760750.0,198
HAMMERSMITH AND FULHAM,02-2018,,740000.0,457500.0,1670000.0,1450000.0,,185.0,16.0,4.0,31.0,780000.0,236
HAMMERSMITH AND FULHAM,02-2019,,528250.0,677571.0,2750000.0,1250000.0,,64.0,11.0,3.0,33.0,625000.0,111
HAMMERSMITH AND FULHAM,03-2017,,615000.0,180000.0,1787500.0,1275000.0,,153.0,31.0,2.0,41.0,695000.0,227
HAMMERSMITH AND FULHAM,03-2018,,715000.0,600000.0,750000.0,1275000.0,,219.0,17.0,3.0,39.0,740000.0,278
HAMMERSMITH AND FULHAM,03-2019,,600000.0,357500.0,1505000.0,970000.0,,41.0,6.0,1.0,9.0,625000.0,57
HAMMERSMITH AND FULHAM,04-2017,2050000.0,700000.0,360000.0,1475000.0,1327500.0,2.0,149.0,21.0,6.0,48.0,750000.0,226
HAMMERSMITH AND FULHAM,04-2018,,692000.0,277500.0,685000.0,1265000.0,,157.0,14.0,3.0,38.0,747500.0,212
HAMMERSMITH AND FULHAM,05-2017,,670000.0,580450.0,1195000.0,1390000.0,,161.0,25.0,1.0,29.0,718500.0,216
HAMMERSMITH AND FULHAM,05-2018,,650000.0,183666.0,1402050.0,1230000.0,,177.0,21.0,5.0,48.0,730000.0,251
HAMMERSMITH AND FULHAM,06-2017,,675000.0,149500.0,1875000.0,1325000.0,,157.0,23.0,5.0,56.0,780000.0,241
HAMMERSMITH AND FULHAM,06-2018,,675000.0,150000.0,1742500.0,1300000.0,,148.0,13.0,2.0,39.0,765000.0,202
HAMMERSMITH AND FULHAM,07-2017,,730375.0,218500.0,1997500.0,1370000.0,,180.0,22.0,4.0,53.0,780000.0,259
HAMMERSMITH AND FULHAM,07-2018,,690000.0,36750.0,1875000.0,1272500.0,,159.0,18.0,5.0,66.0,815000.0,248
HAMMERSMITH AND FULHAM,08-2017,2481100.0,637500.0,422000.0,1888750.0,1511250.0,1.0,122.0,20.0,6.0,58.0,790000.0,207
HAMMERSMITH AND FULHAM,08-2018,,597500.0,450000.0,1475000.0,1275000.0,,136.0,20.0,7.0,53.0,698000.0,216
HAMMERSMITH AND FULHAM,09-2017,,632500.0,474500.0,1375000.0,1102500.0,,132.0,16.0,5.0,32.0,690000.0,185
HAMMERSMITH AND FULHAM,09-2018,,700000.0,670000.0,2235000.0,1275000.0,,177.0,8.0,2.0,35.0,759975.0,222
HAMMERSMITH AND FULHAM,10-2017,,707000.0,205240.5,1812500.0,1250000.0,,157.0,30.0,2.0,53.0,802500.0,242
HAMMERSMITH AND FULHAM,10-2018,,730000.0,22200.0,1557500.0,1215000.0,,157.0,22.0,2.0,43.0,777500.0,224
HAMMERSMITH AND FULHAM,11-2017,2050000.0,747500.0,395000.0,1160000.0,1120000.0,1.0,168.0,27.0,2.0,48.0,800000.0,246
HAMMERSMITH AND FULHAM,11-2018,1312500.0,607500.0,71935.0,1625000.0,1287500.0,2.0,115.0,20.0,3.0,51.0,725000.0,191
HAMMERSMITH AND FULHAM,12-2017,,680000.0,30000.0,2500000.0,1270000.0,,171.0,24.0,3.0,57.0,751500.0,255
HAMMERSMITH AND FULHAM,12-2018,,628000.0,54625.0,3405000.0,1120250.0,,101.0,14.0,5.0,42.0,735000.0,162
HARINGEY,01-2017,1050000.0,430000.0,325000.0,972500.0,700000.0,1.0,82.0,25.0,13.0,59.0,520000.0,180
HARINGEY,01-2018,3615000.0,389025.0,375000.0,1165000.0,612500.0,5.0,85.0,17.0,14.0,60.0,505000.0,181
HARINGEY,01-2019,4125000.0,430000.0,75250.0,1025000.0,680662.5,3.0,73.0,16.0,13.0,70.0,510000.0,175
HARINGEY,02-2017,2200000.0,437500.0,250000.0,1200000.0,650000.0,8.0,126.0,14.0,9.0,54.0,500000.0,211
HARINGEY,02-2018,2646250.0,426875.0,700000.0,998500.0,681000.0,2.0,74.0,21.0,12.0,49.0,516500.0,158
HARINGEY,02-2019,932500.0,407500.0,325000.0,798000.0,552500.0,4.0,73.0,11.0,7.0,50.0,485000.0,145
HARINGEY,03-2017,2150000.0,419000.0,415000.0,993000.0,575000.0,3.0,111.0,34.0,8.0,69.0,482550.0,225
HARINGEY,03-2018,785000.0,472500.0,74250.0,745750.0,680300.0,1.0,108.0,26.0,10.0,72.0,530000.0,217
HARINGEY,03-2019,1675000.0,427500.0,10000.0,1201000.0,700000.0,2.0,32.0,5.0,3.0,27.0,509000.0,69
HARINGEY,04-2017,1125000.0,410000.0,300000.0,975375.0,630000.0,1.0,87.0,17.0,10.0,52.0,475000.0,167
HARINGEY,04-2018,2000000.0,476250.0,40000.0,1080000.0,698267.0,4.0,124.0,23.0,5.0,55.0,500000.0,211
HARINGEY,05-2017,1105000.0,450000.0,266032.0,750000.0,608000.0,2.0,85.0,28.0,7.0,70.0,515000.0,192
HARINGEY,05-2018,2632500.0,430000.0,103500.0,1430000.0,740000.0,4.0,173.0,14.0,9.0,46.0,484800.0,246
HARINGEY,06-2017,1525000.0,450000.0,287500.0,1210000.0,810750.0,4.0,143.0,16.0,15.0,72.0,528750.0,250
HARINGEY,06-2018,782000.0,438000.0,430000.0,1321050.0,652500.0,4.0,145.0,19.0,5.0,53.0,476800.0,226
HARINGEY,07-2017,1600000.0,425000.0,317500.0,1200000.0,592975.0,3.0,141.0,15.0,7.0,92.0,513750.0,258
HARINGEY,07-2018,2975000.0,446200.0,453420.0,1150000.0,650000.0,4.0,141.0,22.0,11.0,80.0,500000.0,258
HARINGEY,08-2017,1495000.0,450000.0,20622.0,1120000.0,745000.0,3.0,109.0,21.0,18.0,83.0,548750.0,234
HARINGEY,08-2018,2825000.0,445750.0,442000.0,812500.0,635000.0,3.0,162.0,17.0,14.0,96.0,504500.0,292
HARINGEY,09-2017,3250000.0,435000.0,60000.0,1305000.0,655000.0,2.0,118.0,21.0,17.0,67.0,517138.0,225
HARINGEY,09-2018,670000.0,432880.0,327500.0,1290000.0,662500.0,3.0,107.0,12.0,8.0,56.0,495000.0,186
HARINGEY,10-2017,2430000.0,416250.0,18500.0,1143000.0,595000.0,4.0,108.0,15.0,13.0,80.0,500000.0,220
HARINGEY,10-2018,3087500.0,415000.0,46050.0,1010500.0,630000.0,2.0,113.0,14.0,10.0,76.0,500000.0,215
HARINGEY,11-2017,2775000.0,410500.0,27500.0,761100.0,645000.0,1.0,100.0,16.0,12.0,71.0,500000.0,200
HARINGEY,11-2018,1375000.0,396750.0,72717.0,1302500.0,591000.0,2.0,108.0,13.0,13.0,58.0,460000.0,194
HARINGEY,12-2017,1835000.0,475000.0,380000.0,960000.0,650000.0,2.0,113.0,31.0,7.0,61.0,545250.0,214
HARINGEY,12-2018,1800000.0,395750.0,100000.0,682500.0,625000.0,3.0,82.0,13.0,7.0,72.0,518000.0,177
HARROW,01-2017,750000.0,328975.0,20875.0,580000.0,515000.0,14.0,72.0,12.0,57.0,40.0,475000.0,195
HARROW,01-2018,715000.0,306000.0,30000.0,580000.0,486000.0,9.0,128.0,8.0,51.0,38.0,403500.0,234
HARROW,01-2019,827500.0,325000.0,260000.0,527500.0,447500.0,12.0,79.0,13.0,54.0,37.0,430000.0,195
HARROW,02-2017,935000.0,353500.0,1150000.0,540000.0,545000.0,11.0,80.0,9.0,41.0,60.0,500000.0,201
HARROW,02-2018,962500.0,366500.0,195000.0,577500.0,500000.0,14.0,68.0,10.0,48.0,37.0,485000.0,177
HARROW,02-2019,940000.0,330000.0,500000.0,527500.0,490000.0,17.0,41.0,11.0,50.0,33.0,490000.0,152
HARROW,03-2017,1062500.0,260000.0,494250.0,545000.0,495000.0,16.0,142.0,14.0,52.0,54.0,390000.0,278
HARROW,03-2018,835000.0,340000.0,268750.0,561500.0,500000.0,18.0,93.0,16.0,56.0,38.0,455000.0,221
HARROW,03-2019,815000.0,311250.0,507500.0,599000.0,426500.0,7.0,14.0,2.0,19.0,16.0,487500.0,58
HARROW,04-2017,857000.0,390000.0,501000.0,560000.0,492000.0,17.0,81.0,14.0,29.0,31.0,491000.0,172
HARROW,04-2018,1120000.0,345000.0,292500.0,561250.0,452744.0,11.0,70.0,14.0,40.0,41.0,450000.0,176
HARROW,05-2017,1055000.0,340000.0,172500.0,599500.0,507500.0,13.0,57.0,12.0,54.0,38.0,500000.0,174
HARROW,05-2018,978000.0,353000.0,702553.0,542000.0,495000.0,20.0,65.0,11.0,33.0,39.0,478000.0,168
HARROW,06-2017,910000.0,303250.0,433500.0,577500.5,507350.0,17.0,70.0,16.0,54.0,62.0,483000.0,219
HARROW,06-2018,875000.0,371510.0,75000.0,549950.0,530000.0,15.0,139.0,11.0,57.0,55.0,455000.0,277
HARROW,07-2017,805000.0,375000.0,258500.0,613500.0,530000.0,16.0,97.0,8.0,58.0,43.0,505000.0,222
HARROW,07-2018,962500.0,360000.0,480000.0,620000.0,500000.0,14.0,100.0,10.0,61.0,55.0,466000.0,240
HARROW,08-2017,970000.0,347000.0,5000.0,550000.0,510000.0,15.0,137.0,52.0,53.0,54.0,420000.0,311
HARROW,08-2018,832250.0,360000.0,477000.0,550000.0,495000.0,26.0,125.0,21.0,78.0,44.0,470842.5,294
HARROW,09-2017,822750.0,325000.0,215000.0,550000.0,510000.0,28.0,65.0,11.0,47.0,49.0,500000.0,200
HARROW,09-2018,965000.0,351500.0,524975.0,566000.0,480000.0,20.0,84.0,8.0,51.0,45.0,465000.0,208
HARROW,10-2017,920000.0,356250.0,400000.0,580000.0,530000.0,20.0,60.0,13.0,61.0,29.0,510000.0,183
HARROW,10-2018,950000.0,332500.0,155000.0,552500.0,493000.0,17.0,90.0,7.0,55.0,53.0,477187.5,222
HARROW,11-2017,785000.0,365000.0,680000.0,570000.0,487000.0,15.0,81.0,8.0,61.0,51.0,498000.0,216
HARROW,11-2018,765000.0,367350.0,740000.0,577500.0,475000.0,23.0,79.0,9.0,52.0,32.0,472000.0,195
HARROW,12-2017,923750.0,348500.0,350000.0,562500.0,465000.0,16.0,73.0,13.0,57.0,45.0,458000.0,204
HARROW,12-2018,997499.0,375000.0,310000.0,558300.0,460000.0,15.0,89.0,9.0,48.0,48.0,453000.0,209
HAVERING,01-2017,607500.0,250000.0,125000.0,410000.0,340000.0,34.0,86.0,16.0,88.0,85.0,345000.0,309
HAVERING,01-2018,485000.0,255000.0,102500.0,389000.0,346000.0,31.0,64.0,10.0,83.0,93.0,350000.0,281
HAVERING,01-2019,565000.0,240000.0,705000.0,390000.0,347000.0,22.0,49.0,11.0,85.0,69.0,357500.0,236
HAVERING,02-2017,580000.0,230000.0,417500.0,390000.0,336000.0,32.0,99.0,12.0,93.0,86.0,330000.0,322
HAVERING,02-2018,472500.0,248750.0,325000.0,402500.0,340000.0,26.0,56.0,13.0,98.0,83.0,354250.0,276
HAVERING,02-2019,450000.0,233500.0,255000.0,402500.0,339000.0,25.0,34.0,7.0,79.0,66.0,358000.0,211
HAVERING,03-2017,585000.0,240000.0,675000.0,387500.0,345000.0,27.0,143.0,14.0,113.0,111.0,325000.0,408
HAVERING,03-2018,536000.0,246250.0,310500.0,400000.0,350605.0,25.0,78.0,10.0,92.0,114.0,345000.0,319
HAVERING,03-2019,580000.0,232522.0,300000.0,422500.0,352500.0,8.0,19.0,4.0,44.0,32.0,365000.0,107
HAVERING,04-2017,550000.0,242500.0,410000.0,398000.0,341000.0,20.0,59.0,14.0,88.0,92.0,350000.0,273
HAVERING,04-2018,567500.0,231000.0,920000.0,417500.0,343000.0,20.0,62.0,10.0,91.0,75.0,359975.0,258
HAVERING,05-2017,526250.0,250000.0,244000.0,400000.0,340000.0,30.0,82.0,14.0,81.0,85.0,340000.0,292
HAVERING,05-2018,600000.0,255000.0,770000.0,415000.0,351000.0,25.0,60.0,11.0,81.0,108.0,367500.0,285
HAVERING,06-2017,675000.0,255000.0,442500.0,402250.0,337000.0,29.0,77.0,12.0,104.0,80.0,350000.0,302
HAVERING,06-2018,645000.0,270000.0,360000.0,425000.0,335000.0,18.0,99.0,11.0,100.0,102.0,341000.0,330
HAVERING,07-2017,590000.0,247500.0,505000.0,410500.0,348750.0,39.0,88.0,14.0,128.0,116.0,355001.0,385
HAVERING,07-2018,595250.0,275000.0,650000.0,415000.0,340000.0,30.0,95.0,18.0,120.0,108.0,355000.0,371
HAVERING,08-2017,566500.0,261000.0,264700.0,417500.0,350000.0,45.0,104.0,10.0,104.0,129.0,350000.0,392
HAVERING,08-2018,535000.0,280000.0,446000.0,408750.0,340000.0,27.0,93.0,13.0,130.0,117.0,356250.0,380
HAVERING,09-2017,613250.0,282000.0,367085.0,400000.0,345000.0,24.0,115.0,20.0,103.0,103.0,360000.0,365
HAVERING,09-2018,580000.0,280000.0,465562.0,416000.0,355000.0,23.0,103.0,12.0,103.0,113.0,370000.0,354
HAVERING,10-2017,555000.0,250000.0,395799.5,405000.0,340000.0,39.0,54.0,12.0,114.0,89.0,360000.0,308
HAVERING,10-2018,523750.0,274250.0,480000.0,395000.0,350000.0,36.0,108.0,11.0,103.0,99.0,357000.0,357
HAVERING,11-2017,672500.0,242500.0,405000.0,400000.0,345000.0,28.0,74.0,7.0,99.0,102.0,350000.0,310
HAVERING,11-2018,570000.0,250000.0,360000.0,416500.0,342000.0,33.0,74.0,14.0,132.0,116.0,360000.0,369
HAVERING,12-2017,645000.0,252500.0,500000.0,395000.0,333750.0,39.0,58.0,5.0,109.0,86.0,360000.0,297
HAVERING,12-2018,562000.0,231250.0,500000.0,405000.0,349250.0,17.0,54.0,9.0,104.0,90.0,360000.0,274
HILLINGDON,01-2017,660000.0,312500.0,364250.0,455000.0,425000.0,25.0,96.0,12.0,71.0,59.0,395000.0,263
HILLINGDON,01-2018,680000.0,320000.0,456000.0,455000.0,400000.0,25.0,108.0,13.0,54.0,57.0,400000.0,257
HILLINGDON,01-2019,725000.0,292500.0,219997.5,452000.0,393000.0,23.0,62.0,14.0,71.0,59.0,395000.0,229
HILLINGDON,02-2017,772475.0,291250.0,315000.0,457000.0,417000.0,26.0,108.0,12.0,75.0,58.0,405000.0,279
HILLINGDON,02-2018,705500.0,295000.0,475000.0,470000.0,417500.0,30.0,105.0,13.0,67.0,52.0,415000.0,267
HILLINGDON,02-2019,697500.0,295000.0,1175000.0,425000.0,400000.0,21.0,49.0,7.0,50.0,57.0,410000.0,184
HILLINGDON,03-2017,680000.0,295000.0,143750.0,453500.0,420000.0,35.0,104.0,20.0,90.0,67.0,400000.0,316
HILLINGDON,03-2018,650000.0,320000.0,575000.0,446250.0,395000.0,38.0,123.0,17.0,86.0,53.0,410000.0,317
HILLINGDON,03-2019,662500.0,292000.0,345843.0,477500.0,380000.0,22.0,27.0,3.0,36.0,30.0,425000.0,118
HILLINGDON,04-2017,715000.0,309995.0,501000.0,450000.0,400000.0,24.0,75.0,14.0,84.0,63.0,419997.5,260
HILLINGDON,04-2018,750000.0,290000.0,24995.0,465000.0,417500.0,29.0,122.0,15.0,74.0,58.0,398000.0,298
HILLINGDON,05-2017,695000.0,315000.0,637500.0,459000.0,410000.0,29.0,138.0,22.0,70.0,83.0,392500.0,342
HILLINGDON,05-2018,715000.0,287375.0,100000.0,431250.0,415000.0,25.0,80.0,17.0,70.0,63.0,405000.0,255
HILLINGDON,06-2017,737475.0,309995.0,1387500.0,477500.0,425000.0,38.0,117.0,18.0,80.0,76.0,416995.0,329
HILLINGDON,06-2018,658500.0,280000.0,507500.0,455000.0,406500.0,32.0,102.0,22.0,79.0,64.0,406000.0,299
HILLINGDON,07-2017,675000.0,362500.0,635000.0,461750.0,425000.0,37.0,130.0,21.0,71.0,66.0,419995.0,325
HILLINGDON,07-2018,705000.0,294500.0,308750.0,470000.0,397475.0,36.0,70.0,20.0,95.0,54.0,425000.0,275
HILLINGDON,08-2017,715000.0,309995.0,615000.0,450000.0,428000.0,44.0,156.0,18.0,111.0,70.0,409995.0,399
HILLINGDON,08-2018,740000.0,290000.0,655000.0,487475.0,425000.0,48.0,135.0,26.0,90.0,61.0,410000.0,360
HILLINGDON,09-2017,760000.0,325750.0,632500.0,487500.0,420000.0,35.0,100.0,14.0,90.0,81.0,420000.0,320
HILLINGDON,09-2018,695000.0,293250.0,561750.0,455000.0,390000.0,43.0,84.0,10.0,79.0,75.0,411000.0,291
HILLINGDON,10-2017,688000.0,300000.0,864200.0,475000.0,417500.0,35.0,95.0,20.0,82.0,74.0,421000.0,306
HILLINGDON,10-2018,685000.0,310000.0,966561.0,450000.0,350000.0,31.0,111.0,12.0,93.0,112.0,385000.0,359
HILLINGDON,11-2017,670000.0,350000.0,615000.0,475000.0,390000.0,37.0,117.0,14.0,80.0,66.0,415000.0,314
HILLINGDON,11-2018,718687.5,320000.0,660000.0,460000.0,415000.0,34.0,100.0,7.0,82.0,89.0,420000.0,312
HILLINGDON,12-2017,655000.0,330000.0,402500.0,452000.0,405000.0,37.0,123.0,14.0,71.0,77.0,410000.0,322
HILLINGDON,12-2018,822500.0,294995.0,367500.0,458000.0,424000.0,14.0,99.0,16.0,69.0,47.0,380000.0,245
HOUNSLOW,01-2017,617500.0,302500.0,900000.0,450000.0,412500.0,6.0,68.0,15.0,47.0,48.0,406000.0,184
HOUNSLOW,01-2018,765000.0,367500.0,525000.0,450000.0,431000.0,4.0,129.0,13.0,41.0,55.0,420500.0,242
HOUNSLOW,01-2019,525000.0,325750.0,21250.0,445000.0,401000.0,6.0,86.0,6.0,47.0,44.0,400000.0,189
HOUNSLOW,02-2017,595000.0,327000.0,860000.0,445000.0,475000.0,5.0,119.0,13.0,31.0,41.0,400000.0,209
HOUNSLOW,02-2018,1195000.0,350000.0,640000.0,482500.0,431000.0,5.0,98.0,15.0,32.0,48.0,415000.0,198
HOUNSLOW,02-2019,625000.0,300000.0,33875.0,430000.0,396500.0,6.0,67.0,7.0,45.0,38.0,378000.0,163
HOUNSLOW,03-2017,1265000.0,357903.0,220000.0,460000.0,485000.0,8.0,171.0,27.0,47.0,65.0,415000.0,318
HOUNSLOW,03-2018,855000.0,328250.0,327944.0,465000.0,465250.0,4.0,101.0,19.0,40.0,80.0,407500.0,244
HOUNSLOW,03-2019,946598.5,285000.0,490000.0,510000.0,522485.0,2.0,27.0,5.0,28.0,20.0,422500.0,82
HOUNSLOW,04-2017,450000.0,350000.0,825000.0,420000.0,447500.0,7.0,137.0,11.0,37.0,52.0,399475.0,244
HOUNSLOW,04-2018,375000.0,320000.0,237500.0,450000.0,452500.0,2.0,80.0,19.0,48.0,44.0,390000.0,193
HOUNSLOW,05-2017,995000.0,296000.0,27500.0,452500.0,402000.0,8.0,89.0,10.0,44.0,44.0,381000.0,195
HOUNSLOW,05-2018,647500.0,330000.0,939744.0,480000.0,470000.0,4.0,82.0,22.0,38.0,53.0,450000.0,199
HOUNSLOW,06-2017,845000.0,310500.0,372500.0,515000.0,380000.0,4.0,129.0,18.0,43.0,63.0,372778.0,257
HOUNSLOW,06-2018,705000.0,372500.0,224875.0,464500.0,500000.0,4.0,104.0,20.0,44.0,71.0,425000.0,243
HOUNSLOW,07-2017,435000.0,338056.5,180000.0,460000.0,427000.0,4.0,100.0,13.0,44.0,53.0,391250.0,214
HOUNSLOW,07-2018,475000.0,401000.0,615000.0,447000.0,470000.0,3.0,150.0,15.0,62.0,74.0,433000.0,304
HOUNSLOW,08-2017,1050000.0,317500.0,395000.0,450000.0,480000.0,6.0,156.0,17.0,49.0,63.0,379950.0,291
HOUNSLOW,08-2018,1925000.0,314000.0,336250.0,470000.0,450500.0,3.0,119.0,12.0,59.0,64.0,380000.0,257
HOUNSLOW,09-2017,450000.0,261250.0,680000.0,485000.0,438000.0,6.0,202.0,16.0,54.0,67.0,325000.0,345
HOUNSLOW,09-2018,427500.0,270000.0,348000.0,431000.0,402000.0,2.0,161.0,20.0,38.0,55.0,340000.0,276
HOUNSLOW,10-2017,850000.0,277250.0,2597500.0,460000.0,487500.0,11.0,168.0,24.0,57.0,66.0,390000.0,326
HOUNSLOW,10-2018,1225000.0,331000.0,302351.5,490500.0,473500.0,4.0,106.0,12.0,40.0,60.0,411000.0,222
HOUNSLOW,11-2017,1987500.0,350000.0,480000.0,477750.0,406000.0,4.0,171.0,17.0,54.0,64.0,400000.0,310
HOUNSLOW,11-2018,1253750.0,341373.0,690000.0,450000.0,450000.0,8.0,159.0,13.0,47.0,53.0,401290.0,280
HOUNSLOW,12-2017,480000.0,335000.0,429000.0,499750.0,474999.5,3.0,185.0,16.0,44.0,56.0,402500.0,304
HOUNSLOW,12-2018,542500.0,275000.0,500000.0,457500.0,394000.0,6.0,83.0,16.0,46.0,51.0,378750.0,202
ISLINGTON,01-2017,,531100.0,505000.0,1950000.0,1200000.0,,118.0,20.0,3.0,21.0,575000.0,162
ISLINGTON,01-2018,1120000.0,505000.0,135000.0,3450000.0,1200000.0,2.0,93.0,17.0,3.0,29.0,575000.0,144
ISLINGTON,01-2019,3385000.0,518000.0,422500.0,1212000.0,1225000.0,1.0,98.0,16.0,1.0,24.0,554250.0,140
ISLINGTON,02-2017,,555500.0,112500.0,,1255000.0,,106.0,18.0,,16.0,581000.0,140
ISLINGTON,02-2018,,470000.0,1213000.0,1350000.0,1175000.0,,105.0,8.0,3.0,16.0,508500.0,132
ISLINGTON,02-2019,,492500.0,760000.0,1250000.0,960000.0,,98.0,15.0,3.0,21.0,525000.0,137
ISLINGTON,03-2017,1852500.0,543000.0,445000.0,2275000.0,1287500.0,2.0,133.0,36.0,3.0,32.0,615000.0,206
ISLINGTON,03-2018,2100000.0,500000.0,867600.0,825000.0,1150000.0,1.0,122.0,31.0,1.0,19.0,552500.0,174
ISLINGTON,03-2019,,500000.0,10454379.0,1695140.0,1187500.0,,42.0,12.0,1.0,14.0,580500.0,69
ISLINGTON,04-2017,1650000.0,517000.0,76500.0,1875000.0,1310000.0,1.0,97.0,22.0,3.0,32.0,590000.0,155
ISLINGTON,04-2018,,546000.0,535000.0,1250001.0,1152500.0,,112.0,15.0,1.0,20.0,589500.0,148
ISLINGTON,05-2017,,545000.0,211000.0,1722500.0,1465000.0,,103.0,31.0,4.0,21.0,632000.0,159
ISLINGTON,05-2018,,555000.0,1250000.0,1677500.0,1316000.0,,105.0,29.0,4.0,25.0,635000.0,163
ISLINGTON,06-2017,2850000.0,539300.0,214200.0,2190000.0,1375000.0,1.0,146.0,23.0,5.0,32.0,580000.0,207
ISLINGTON,06-2018,,510000.0,485000.0,1015000.0,1410000.0,,113.0,26.0,2.0,25.0,575000.0,166
ISLINGTON,07-2017,,570000.0,28560.0,2693250.0,1232500.0,,125.0,17.0,4.0,30.0,620000.0,176
ISLINGTON,07-2018,900000.0,540000.0,146000.0,1150078.0,1200000.0,1.0,139.0,24.0,2.0,53.0,580000.0,219
ISLINGTON,08-2017,2700000.0,522000.0,288927.0,1725000.0,1224610.0,1.0,129.0,17.0,3.0,44.0,612500.0,194
ISLINGTON,08-2018,1900000.0,550000.0,136000.0,1455000.0,1250000.0,1.0,169.0,34.0,3.0,21.0,560000.0,228
ISLINGTON,09-2017,1057500.0,540775.0,380000.0,2837500.0,1325000.0,2.0,128.0,9.0,2.0,32.0,600000.0,173
ISLINGTON,09-2018,1725000.0,450000.0,700000.0,1040000.0,1067500.0,1.0,246.0,13.0,1.0,24.0,490000.0,285
ISLINGTON,10-2017,,518000.0,100000.0,1176750.0,1310000.0,,109.0,29.0,2.0,21.0,550000.0,161
ISLINGTON,10-2018,1515000.0,480000.0,140000.0,1770000.0,1217500.0,1.0,123.0,19.0,1.0,40.0,596250.0,184
ISLINGTON,11-2017,2035919.5,500000.0,302500.0,1756250.0,1201250.0,2.0,111.0,28.0,4.0,20.0,582500.0,165
ISLINGTON,11-2018,2000000.0,555000.0,55625.0,1800000.0,1120000.0,2.0,140.0,12.0,1.0,30.0,617500.0,185
ISLINGTON,12-2017,,500000.0,425000.0,890000.0,1136546.0,,117.0,23.0,3.0,28.0,550000.0,171
ISLINGTON,12-2018,2090000.0,524700.0,632500.0,,1394262.5,1.0,151.0,16.0,,14.0,549500.0,182
KENSINGTON AND CHELSEA,01-2017,24200000.0,1047000.0,2575000.0,14000000.0,2975000.0,1.0,129.0,20.0,1.0,28.0,1335000.0,179
KENSINGTON AND CHELSEA,01-2018,12250000.0,1115000.0,230000.0,6425000.0,3000000.0,3.0,121.0,32.0,2.0,41.0,1486875.0,199
KENSINGTON AND CHELSEA,01-2019,8000000.0,932500.0,5971699.0,,3200000.0,1.0,102.0,58.0,,24.0,1825000.0,185
KENSINGTON AND CHELSEA,02-2017,2500000.0,1000000.0,530000.0,4600000.0,2575000.0,1.0,120.0,27.0,3.0,22.0,1130254.0,173
KENSINGTON AND CHELSEA,02-2018,,1175000.0,129000.0,3074999.0,3125000.0,,99.0,29.0,1.0,14.0,1300000.0,143
KENSINGTON AND CHELSEA,02-2019,15380000.0,1124000.0,2250000.0,9950000.0,3125000.0,1.0,78.0,13.0,1.0,16.0,1280000.0,109
KENSINGTON AND CHELSEA,03-2017,,1200000.0,1050000.0,3400000.0,3550000.0,,153.0,35.0,3.0,34.0,1400000.0,225
KENSINGTON AND CHELSEA,03-2018,1448750.0,1180500.0,1600000.0,5205000.0,3400000.0,1.0,120.0,25.0,3.0,33.0,1477000.0,182
KENSINGTON AND CHELSEA,03-2019,,745000.0,229921.5,,3600000.0,,42.0,4.0,,11.0,810000.0,57
KENSINGTON AND CHELSEA,04-2017,5950000.0,1188906.0,636114.0,2350000.0,3000000.0,1.0,119.0,23.0,1.0,31.0,1300000.0,175
KENSINGTON AND CHELSEA,04-2018,2825000.0,1175000.0,1000000.0,,3000000.0,3.0,111.0,21.0,,32.0,1525000.0,167
KENSINGTON AND CHELSEA,05-2017,37000000.0,1227500.0,1730000.0,7845000.0,3700000.0,1.0,120.0,29.0,1.0,25.0,1375000.0,176
KENSINGTON AND CHELSEA,05-2018,17775000.0,800000.0,405000.0,3825000.0,2850000.0,2.0,74.0,28.0,2.0,20.0,980000.0,126
KENSINGTON AND CHELSEA,06-2017,,1000000.0,108000.0,6678000.0,2425000.0,,152.0,25.0,2.0,36.0,1125000.0,215
KENSINGTON AND CHELSEA,06-2018,28500000.0,1000000.0,689613.0,4625000.0,3740000.0,1.0,133.0,26.0,2.0,26.0,1100000.0,188
KENSINGTON AND CHELSEA,07-2017,1440000.0,962500.0,511000.0,5700000.0,2750000.0,1.0,112.0,21.0,3.0,31.0,1177500.0,168
KENSINGTON AND CHELSEA,07-2018,7550000.0,1026750.0,1400000.0,4850000.0,3175000.0,1.0,96.0,23.0,3.0,42.0,1361000.0,165
KENSINGTON AND CHELSEA,08-2017,,1050900.0,120000.0,6375000.0,3000000.0,,114.0,27.0,2.0,25.0,1150000.0,168
KENSINGTON AND CHELSEA,08-2018,25570001.0,913750.0,308000.0,4600000.0,3450000.0,1.0,88.0,23.0,4.0,30.0,1110000.0,146
KENSINGTON AND CHELSEA,09-2017,,1000000.0,1158250.0,8325000.0,3125000.0,,122.0,24.0,4.0,34.0,1175000.0,184
KENSINGTON AND CHELSEA,09-2018,3500000.0,1015000.0,1975000.0,5430250.0,3515000.0,1.0,101.0,32.0,3.0,32.0,1250000.0,169
KENSINGTON AND CHELSEA,10-2017,,1030000.0,1100000.0,3500000.0,2525000.0,,106.0,19.0,1.0,23.0,1250000.0,149
KENSINGTON AND CHELSEA,10-2018,,1014000.0,225000.0,5950000.0,2775000.0,,127.0,24.0,3.0,35.0,1108888.0,189
KENSINGTON AND CHELSEA,11-2017,,1121250.0,95000.0,13000000.0,2942500.0,,136.0,42.0,3.0,16.0,1000000.0,197
KENSINGTON AND CHELSEA,11-2018,3700000.0,940000.0,975000.0,2915000.0,3455000.0,1.0,87.0,20.0,2.0,21.0,1100000.0,131
KENSINGTON AND CHELSEA,12-2017,,850000.0,255000.0,,2200000.0,,189.0,36.0,,19.0,880000.0,244
KENSINGTON AND CHELSEA,12-2018,,1100000.0,455944.0,8260000.0,2950000.0,,74.0,14.0,1.0,19.0,1337500.0,108
KINGSTON UPON THAMES,01-2017,1075000.0,321537.5,440000.0,612500.0,490000.0,13.0,56.0,4.0,33.0,25.0,480000.0,131
KINGSTON UPON THAMES,01-2018,736250.0,356500.0,540550.0,640000.0,562500.0,8.0,66.0,14.0,42.0,30.0,474000.0,160
KINGSTON UPON THAMES,01-2019,905000.0,338250.0,617500.0,640000.0,455000.0,15.0,58.0,8.0,39.0,38.0,464250.0,158
KINGSTON UPON THAMES,02-2017,1140000.0,360000.0,51500.0,585000.0,462500.0,21.0,55.0,11.0,42.0,30.0,475000.0,159
KINGSTON UPON THAMES,02-2018,1000000.0,347750.0,295000.0,595000.0,500000.0,13.0,52.0,7.0,41.0,25.0,475000.0,138
KINGSTON UPON THAMES,02-2019,825000.0,399950.0,1190000.0,565750.0,457500.0,10.0,77.0,9.0,44.0,27.0,475000.0,167
KINGSTON UPON THAMES,03-2017,820000.0,390000.0,850000.0,625000.0,416000.0,16.0,90.0,17.0,47.0,39.0,435000.0,209
KINGSTON UPON THAMES,03-2018,865000.0,325000.0,264000.0,688500.0,492500.0,21.0,89.0,16.0,54.0,28.0,470000.0,208
KINGSTON UPON THAMES,03-2019,600000.0,445900.0,750000.0,712500.0,416500.0,9.0,33.0,3.0,14.0,26.0,495000.0,85
KINGSTON UPON THAMES,04-2017,930000.0,357475.0,225000.0,590000.0,440000.0,17.0,56.0,9.0,37.0,31.0,433750.0,150
KINGSTON UPON THAMES,04-2018,812500.0,324750.0,755000.0,587500.0,540000.0,16.0,52.0,8.0,38.0,37.0,515000.0,151
KINGSTON UPON THAMES,05-2017,1035000.0,365000.0,1640000.0,607500.0,460000.0,24.0,86.0,14.0,54.0,27.0,485000.0,205
KINGSTON UPON THAMES,05-2018,700000.0,360000.0,230000.0,638500.0,450000.0,17.0,80.0,15.0,46.0,33.0,441000.0,191
KINGSTON UPON THAMES,06-2017,960000.0,370000.0,224500.0,636000.0,452500.0,15.0,75.0,14.0,62.0,34.0,480000.0,200
KINGSTON UPON THAMES,06-2018,1210000.0,360000.0,280000.0,565000.0,474999.0,24.0,71.0,10.0,45.0,55.0,480000.0,205
KINGSTON UPON THAMES,07-2017,740000.0,390000.0,440000.0,572000.0,435000.0,19.0,70.0,9.0,70.0,43.0,465000.0,211
KINGSTON UPON THAMES,07-2018,1180000.0,380000.0,22500.0,640000.0,505000.0,19.0,64.0,15.0,55.0,46.0,499950.0,199
KINGSTON UPON THAMES,08-2017,864000.0,370000.0,172500.0,640000.0,560000.0,26.0,81.0,16.0,73.0,53.0,515000.0,249
KINGSTON UPON THAMES,08-2018,900000.0,335000.0,530000.0,600000.0,494975.0,21.0,83.0,11.0,73.0,46.0,491000.0,234
KINGSTON UPON THAMES,09-2017,1165000.0,375000.0,285000.0,641500.0,555000.0,29.0,53.0,16.0,56.0,30.0,537500.0,184
KINGSTON UPON THAMES,09-2018,867500.0,400000.0,611500.0,665000.0,485000.0,14.0,107.0,8.0,47.0,37.0,475000.0,213
KINGSTON UPON THAMES,10-2017,855000.0,366500.0,415000.0,570000.0,484125.0,19.0,64.0,9.0,43.0,40.0,475000.0,175
KINGSTON UPON THAMES,10-2018,837500.0,420000.0,362500.0,713000.0,467500.0,20.0,115.0,4.0,45.0,62.0,494000.0,246
KINGSTON UPON THAMES,11-2017,700000.0,370000.0,625260.0,642500.0,499950.0,21.0,78.0,10.0,54.0,43.0,461250.0,206
KINGSTON UPON THAMES,11-2018,740000.0,352000.0,418750.0,580000.0,475000.0,28.0,83.0,14.0,51.0,39.0,490000.0,215
KINGSTON UPON THAMES,12-2017,949000.0,380000.0,525000.0,645000.0,422500.0,20.0,72.0,14.0,41.0,32.0,460000.0,179
KINGSTON UPON THAMES,12-2018,1050000.0,362250.0,447500.0,547000.0,500000.0,16.0,82.0,16.0,49.0,29.0,455000.0,192
LAMBETH,01-2017,1225000.0,482500.0,76500.0,950000.0,757500.0,4.0,208.0,26.0,15.0,38.0,511500.0,291
LAMBETH,01-2018,862500.0,475000.0,65000.0,987500.0,825000.0,2.0,221.0,23.0,16.0,57.0,520000.0,319
LAMBETH,01-2019,970000.0,530000.0,302500.0,800000.0,815000.0,3.0,224.0,23.0,21.0,47.0,577500.0,318
LAMBETH,02-2017,1550000.0,435500.0,280700.0,795000.0,830000.0,3.0,210.0,23.0,10.0,51.0,500000.0,297
LAMBETH,02-2018,953000.0,499950.0,75000.0,860000.0,862500.0,5.0,233.0,21.0,15.0,34.0,522500.0,308
LAMBETH,02-2019,801000.0,420000.0,758000.0,892500.0,785000.0,1.0,140.0,15.0,14.0,39.0,493000.0,209
LAMBETH,03-2017,917500.0,420000.0,202500.0,1085000.0,780000.0,4.0,270.0,36.0,18.0,56.0,465000.0,384
LAMBETH,03-2018,1465000.0,480000.0,127500.0,882487.5,686250.0,1.0,285.0,30.0,10.0,56.0,500000.0,382
LAMBETH,03-2019,,371750.0,103000.0,793500.0,735000.0,,66.0,3.0,2.0,17.0,439000.0,88
LAMBETH,04-2017,1137500.0,420000.0,320000.0,1094000.0,925000.0,2.0,244.0,45.0,17.0,51.0,465000.0,359
LAMBETH,04-2018,1305000.0,492000.0,329000.0,750000.0,875000.0,2.0,195.0,33.0,13.0,49.0,535000.0,292
LAMBETH,05-2017,1180000.0,500000.0,400000.0,826250.0,849975.0,1.0,396.0,65.0,13.0,60.0,513000.0,535
LAMBETH,05-2018,1527500.0,460000.0,63975.0,815000.0,782500.0,10.0,205.0,26.0,10.0,66.0,500000.0,317
LAMBETH,06-2017,1850000.0,519750.0,482658.0,829000.0,823000.0,1.0,316.0,32.0,14.0,68.0,550000.0,431
LAMBETH,06-2018,700000.0,499975.0,317500.0,1109000.0,831250.0,3.0,246.0,26.0,10.0,42.0,540000.0,327
LAMBETH,07-2017,1100000.0,459000.0,250000.0,999000.0,811000.0,3.0,251.0,31.0,13.0,83.0,510000.0,381
LAMBETH,07-2018,1476500.0,465675.0,1200000.0,880000.0,860000.0,4.0,275.0,39.0,15.0,55.0,500000.0,388
LAMBETH,08-2017,975000.0,450000.0,49250.0,857500.0,820000.0,3.0,283.0,44.0,23.0,77.0,486250.0,430
LAMBETH,08-2018,1100000.0,450000.0,380000.0,946000.0,730000.0,1.0,236.0,28.0,19.0,53.0,500000.0,337
LAMBETH,09-2017,1100000.0,474997.5,550000.0,862500.0,802500.0,2.0,300.0,27.0,14.0,72.0,505000.0,415
LAMBETH,09-2018,845000.0,470000.0,250000.0,1190000.0,713000.0,6.0,193.0,19.0,17.0,53.0,506000.0,288
LAMBETH,10-2017,920000.0,477200.0,262500.0,950000.0,810000.0,3.0,288.0,29.0,23.0,56.0,524000.0,399
LAMBETH,10-2018,1800000.0,467000.0,132750.0,865000.0,840000.0,1.0,225.0,41.0,17.0,65.0,492000.0,349
LAMBETH,11-2017,1400000.0,450000.0,340000.0,820000.0,870000.0,1.0,220.0,21.0,15.0,61.0,500000.0,318
LAMBETH,11-2018,710000.0,420000.0,275000.0,862500.0,830000.0,3.0,206.0,20.0,13.0,69.0,480000.0,311
LAMBETH,12-2017,1500000.0,464000.0,195000.0,836500.0,732500.0,1.0,310.0,40.0,14.0,64.0,500000.0,429
LAMBETH,12-2018,1290000.0,500000.0,58375.0,755000.0,725000.0,1.0,240.0,12.0,15.0,39.0,530000.0,307
LEWISHAM,01-2017,740750.0,328500.0,93912.5,590000.0,540250.0,2.0,130.0,22.0,33.0,94.0,415000.0,281
LEWISHAM,01-2018,695000.0,343128.0,455000.0,570000.0,465500.0,4.0,185.0,17.0,19.0,82.0,394250.0,307
LEWISHAM,01-2019,1297500.0,320000.0,38200.0,492497.5,500000.0,4.0,95.0,12.0,12.0,85.0,410000.0,208
LEWISHAM,02-2017,883500.0,330000.0,66435.0,592500.0,523250.0,2.0,155.0,40.0,22.0,90.0,361000.0,309
LEWISHAM,02-2018,1292500.0,342500.0,9200.0,546000.0,555000.0,4.0,128.0,11.0,18.0,75.0,400000.0,236
LEWISHAM,02-2019,1613750.0,340000.0,265000.0,500000.0,522500.0,4.0,85.0,18.0,23.0,70.0,422500.0,200
LEWISHAM,03-2017,2850000.0,345000.0,206000.0,500000.0,465000.0,1.0,142.0,22.0,25.0,107.0,380000.0,297
LEWISHAM,03-2018,1000000.0,318750.0,108500.0,550000.0,515000.0,3.0,202.0,27.0,16.0,93.0,360000.0,341
LEWISHAM,03-2019,1920000.0,331000.0,25500.0,715000.0,480000.0,2.0,45.0,6.0,13.0,59.0,425000.0,125
LEWISHAM,04-2017,550000.0,362500.0,328000.0,485000.0,512000.0,5.0,171.0,23.0,23.0,85.0,417000.0,307
LEWISHAM,04-2018,787500.0,375000.0,27450.0,585000.0,538500.0,2.0,170.0,16.0,17.0,72.0,409995.0,277
LEWISHAM,05-2017,961250.0,393500.0,175000.0,542500.0,515000.0,3.0,232.0,21.0,20.0,91.0,424000.0,367
LEWISHAM,05-2018,430000.0,366250.0,95000.0,538750.0,525000.0,1.0,150.0,20.0,10.0,100.0,413000.0,281
LEWISHAM,06-2017,979000.0,418000.0,269000.0,532000.0,530000.0,6.0,381.0,30.0,37.0,103.0,450000.0,557
LEWISHAM,06-2018,1000000.0,373997.5,4500.0,628000.0,506500.0,7.0,290.0,53.0,32.0,99.0,375483.0,481
LEWISHAM,07-2017,766500.0,400000.0,200000.0,710000.0,575000.0,6.0,201.0,25.0,28.0,93.0,438000.0,353
LEWISHAM,07-2018,1010000.0,360000.0,133250.0,490000.0,500000.0,4.0,157.0,22.0,27.0,101.0,410000.0,311
LEWISHAM,08-2017,712500.0,354000.0,87500.0,680000.0,550000.0,8.0,172.0,26.0,29.0,109.0,420000.0,344
LEWISHAM,08-2018,600000.0,350000.0,139500.0,630750.0,575000.0,3.0,194.0,18.0,34.0,123.0,413500.0,372
LEWISHAM,09-2017,1098250.0,371000.0,211056.0,552500.0,538000.0,7.0,149.0,17.0,24.0,102.0,431000.0,299
LEWISHAM,09-2018,921000.0,330000.0,64695.0,545000.0,499250.0,4.0,122.0,14.0,21.0,92.0,405000.0,253
LEWISHAM,10-2017,855000.0,337500.0,60000.0,579250.0,497500.0,6.0,175.0,21.0,34.0,80.0,375500.0,316
LEWISHAM,10-2018,720000.0,423150.0,49000.0,670000.0,475000.0,5.0,275.0,14.0,31.0,115.0,438750.0,440
LEWISHAM,11-2017,372000.0,335000.0,157500.0,625000.0,532500.0,1.0,144.0,30.0,29.0,94.0,395000.0,298
LEWISHAM,11-2018,795000.0,387500.0,142232.5,655000.0,490000.0,5.0,239.0,16.0,33.0,101.0,430000.0,394
LEWISHAM,12-2017,1450000.0,350000.0,600000.0,560000.0,487500.0,3.0,188.0,39.0,29.0,114.0,399995.0,373
LEWISHAM,12-2018,575000.0,357500.0,370000.0,505000.0,505000.0,4.0,131.0,13.0,13.0,78.0,395000.0,239
MERTON,01-2017,2040000.0,325000.0,375000.0,735000.0,500000.0,9.0,53.0,17.0,15.0,74.0,455000.0,168
MERTON,01-2018,1165500.0,373500.0,1185000.0,607500.0,530000.0,10.0,65.0,18.0,24.0,84.0,480000.0,201
MERTON,01-2019,2050000.0,330000.0,630000.0,841250.0,455000.0,10.0,63.0,17.0,20.0,79.0,450000.0,189
MERTON,02-2017,2161250.0,377500.0,49500.0,681000.0,515000.0,10.0,84.0,10.0,22.0,67.0,450000.0,193
MERTON,02-2018,1750000.0,312500.0,225056.5,762500.0,530000.0,7.0,56.0,8.0,16.0,65.0,457250.0,152
MERTON,02-2019,1800000.0,387000.0,45745.0,925000.0,500000.0,9.0,55.0,7.0,21.0,57.0,500000.0,149
MERTON,03-2017,1290000.0,320000.0,83670.0,835000.0,525000.0,7.0,147.0,16.0,38.0,89.0,433000.0,297
MERTON,03-2018,1967500.0,382500.0,517500.0,960000.0,480000.0,8.0,94.0,24.0,14.0,108.0,445833.5,248
MERTON,03-2019,1420000.0,320000.0,27400.0,467000.0,461000.0,1.0,19.0,4.0,7.0,35.0,437500.0,66
MERTON,04-2017,1494000.0,395250.0,102500.0,560000.0,617500.0,10.0,84.0,16.0,21.0,94.0,515000.0,225
MERTON,04-2018,1897500.0,358000.0,425000.0,885000.0,455000.0,4.0,75.0,24.0,19.0,81.0,435000.0,203
MERTON,05-2017,2787500.0,338500.0,480000.0,575000.0,480000.0,10.0,94.0,13.0,19.0,111.0,436250.0,247
MERTON,05-2018,2355000.0,375500.0,490000.0,654387.0,522500.0,8.0,98.0,14.0,9.0,84.0,459000.0,213
MERTON,06-2017,1725000.0,362000.0,240500.0,655000.0,485000.0,12.0,87.0,24.0,30.0,113.0,448270.0,266
MERTON,06-2018,2375000.0,345000.0,313125.0,912500.0,580000.0,8.0,73.0,18.0,22.0,86.0,495000.0,207
MERTON,07-2017,2758250.0,360000.0,390000.0,791250.0,530000.0,10.0,96.0,10.0,24.0,100.0,459000.0,240
MERTON,07-2018,2575000.0,405000.0,300000.0,860000.0,575000.0,15.0,93.0,21.0,24.0,101.0,481500.0,254
MERTON,08-2017,872500.0,356000.0,315463.5,657500.0,580000.0,4.0,97.0,12.0,28.0,129.0,470000.0,270
MERTON,08-2018,2353000.0,348550.0,628000.0,719500.0,500000.0,12.0,83.0,23.0,28.0,129.0,490000.0,275
MERTON,09-2017,1731250.0,413875.0,211056.0,755000.0,475000.0,12.0,153.0,13.0,25.0,109.0,468650.0,312
MERTON,09-2018,2900000.0,362500.0,375437.5,935000.0,592500.0,3.0,84.0,18.0,31.0,94.0,472250.0,230
MERTON,10-2017,2250000.0,385000.0,127867.5,843500.0,555000.0,9.0,103.0,12.0,28.0,103.0,480000.0,255
MERTON,10-2018,2250000.0,370000.0,375000.0,848625.0,562500.0,13.0,99.0,13.0,22.0,96.0,487500.0,243
MERTON,11-2017,2125000.0,373100.0,588500.0,840000.0,522500.0,7.0,93.0,24.0,19.0,86.0,475000.0,229
MERTON,11-2018,2650000.0,392500.0,267367.5,580000.0,460000.0,9.0,70.0,10.0,35.0,107.0,464100.0,231
MERTON,12-2017,2100000.0,367475.0,215000.0,633000.0,535000.0,11.0,88.0,16.0,29.0,94.0,456500.0,238
MERTON,12-2018,2250000.0,352750.0,489950.0,775700.0,455000.0,7.0,64.0,19.0,13.0,75.0,449500.0,178
NEWHAM,01-2017,470000.0,322150.0,378750.0,335000.0,385000.0,1.0,218.0,14.0,1.0,75.0,350000.0,309
NEWHAM,01-2018,,345000.0,650000.0,475000.0,416000.0,,269.0,29.0,7.0,101.0,375250.0,406
NEWHAM,01-2019,865000.0,440000.0,350000.0,371000.0,400000.0,2.0,94.0,7.0,3.0,69.0,418000.0,175
NEWHAM,02-2017,700000.0,322500.0,110000.0,442500.0,405001.0,1.0,247.0,7.0,4.0,85.0,352500.0,344
NEWHAM,02-2018,622500.0,420000.0,250000.0,470000.0,407500.0,2.0,349.0,11.0,3.0,83.0,415650.0,448
NEWHAM,02-2019,,370000.0,414999.5,505500.0,385000.0,,90.0,10.0,4.0,65.0,385000.0,169
NEWHAM,03-2017,525000.0,296000.0,139200.0,485000.0,410000.0,1.0,452.0,23.0,2.0,120.0,336650.0,598
NEWHAM,03-2018,,396500.0,185000.0,455000.0,387000.0,,201.0,28.0,3.0,100.0,390825.0,332
NEWHAM,03-2019,,277500.0,1343000.0,,407000.0,,18.0,4.0,,22.0,337500.0,44
NEWHAM,04-2017,,405720.0,405000.0,385000.0,410000.0,,317.0,19.0,3.0,77.0,405000.0,416
NEWHAM,04-2018,1030000.0,424000.0,1160000.0,370000.0,422000.0,1.0,228.0,7.0,7.0,67.0,424000.0,310
NEWHAM,05-2017,1150000.0,418300.0,264955.5,480000.0,410000.0,1.0,290.0,10.0,3.0,95.0,417000.0,399
NEWHAM,05-2018,450000.0,395000.0,91498.5,500000.0,420000.0,1.0,281.0,20.0,5.0,78.0,405000.0,385
NEWHAM,06-2017,355000.0,409200.0,218750.0,398550.0,416250.0,1.0,395.0,14.0,4.0,108.0,410000.0,522
NEWHAM,06-2018,555000.0,428497.5,265171.0,580000.0,397750.0,1.0,234.0,15.0,5.0,96.0,418080.0,351
NEWHAM,07-2017,,380000.0,770000.0,470000.0,392500.0,,324.0,18.0,7.0,88.0,387500.0,437
NEWHAM,07-2018,687500.0,365000.0,250000.0,615000.0,440000.0,2.0,143.0,15.0,2.0,80.0,390000.0,242
NEWHAM,08-2017,500000.0,366000.0,530000.0,505000.0,407000.0,3.0,240.0,27.0,10.0,77.0,390000.0,357
NEWHAM,08-2018,500000.0,396325.0,298000.0,440000.0,395000.0,1.0,178.0,18.0,9.0,103.0,396150.0,309
NEWHAM,09-2017,593000.0,401300.0,261750.0,587000.0,410000.0,3.0,194.0,18.0,10.0,85.0,410000.0,310
NEWHAM,09-2018,370000.0,396000.0,480000.0,370000.0,397500.0,1.0,209.0,15.0,7.0,93.0,396500.0,325
NEWHAM,10-2017,408500.0,360000.0,167500.0,410000.0,427000.0,2.0,193.0,21.0,6.0,101.0,390000.0,323
NEWHAM,10-2018,410000.0,370000.0,320000.0,387500.0,405000.0,3.0,169.0,12.0,6.0,87.0,380000.0,277
NEWHAM,11-2017,480000.0,301730.5,577500.0,461000.0,411000.0,1.0,364.0,24.0,5.0,107.0,327800.0,501
NEWHAM,11-2018,,368600.0,340000.0,393750.0,394000.0,,183.0,11.0,6.0,104.0,375000.0,304
NEWHAM,12-2017,484500.0,380000.0,313500.0,477000.0,415000.0,1.0,245.0,14.0,3.0,81.0,390000.0,344
NEWHAM,12-2018,,420000.0,235000.0,505000.0,390000.0,,137.0,10.0,3.0,87.0,400000.0,237
REDBRIDGE,01-2017,625000.0,282500.0,117500.0,499995.0,450000.0,11.0,68.0,19.0,45.0,86.0,415000.0,229
REDBRIDGE,01-2018,707500.0,285000.0,380000.0,570000.0,462500.0,4.0,92.0,11.0,31.0,107.0,395000.0,245
REDBRIDGE,01-2019,707500.0,285000.0,25750.0,545000.0,450000.0,8.0,53.0,8.0,26.0,75.0,416000.0,170
REDBRIDGE,02-2017,695000.0,276000.0,1350000.0,497500.0,450000.0,6.0,112.0,23.0,33.0,93.0,393000.0,267
REDBRIDGE,02-2018,1125000.0,275000.0,420000.0,525000.0,475000.0,7.0,85.0,9.0,29.0,84.0,415000.0,214
REDBRIDGE,02-2019,900000.0,264500.0,230000.0,485000.0,435000.0,9.0,64.0,9.0,40.0,71.0,400000.0,193
REDBRIDGE,03-2017,763000.0,275000.0,312500.0,475000.0,432750.0,6.0,117.0,26.0,45.0,130.0,390000.0,324
REDBRIDGE,03-2018,745895.0,285000.0,320000.0,525000.0,430000.0,9.0,79.0,18.0,49.0,108.0,413000.0,263
REDBRIDGE,03-2019,716250.0,265000.0,93000.0,520000.0,445000.0,4.0,27.0,3.0,16.0,48.0,415000.0,98
REDBRIDGE,04-2017,650000.0,260000.0,305000.0,500000.0,440000.0,8.0,74.0,13.0,32.0,87.0,392500.0,214
REDBRIDGE,04-2018,802500.0,295500.0,231250.0,478750.0,452500.0,18.0,64.0,22.0,36.0,88.0,422500.0,228
REDBRIDGE,05-2017,720000.0,277500.0,739872.0,505000.0,451000.0,7.0,69.0,18.0,34.0,100.0,420000.0,228
REDBRIDGE,05-2018,691500.0,295000.0,242000.0,587500.0,452000.0,10.0,73.0,15.0,31.0,111.0,432875.0,240
REDBRIDGE,06-2017,673500.0,285500.0,68500.0,500000.0,435000.0,8.0,86.0,28.0,45.0,120.0,410000.0,287
REDBRIDGE,06-2018,630000.0,296250.0,266500.0,508500.0,460000.0,9.0,74.0,21.0,38.0,101.0,420000.0,243
REDBRIDGE,07-2017,540000.0,265000.0,415000.0,494975.0,445000.0,9.0,97.0,15.0,42.0,118.0,411000.0,281
REDBRIDGE,07-2018,850000.0,295000.0,72250.0,546000.0,472500.0,10.0,79.0,22.0,46.0,112.0,425000.0,269
REDBRIDGE,08-2017,880500.0,278500.0,275000.0,600500.0,452000.0,22.0,88.0,23.0,52.0,129.0,430000.0,314
REDBRIDGE,08-2018,650000.0,285000.0,330000.0,525000.0,460000.0,10.0,61.0,20.0,41.0,116.0,433500.0,248
REDBRIDGE,09-2017,902500.0,297500.0,340000.0,500000.0,470500.0,8.0,95.0,10.0,56.0,106.0,405000.0,275
REDBRIDGE,09-2018,860000.0,378000.0,57600.0,505000.0,463000.0,11.0,153.0,19.0,42.0,95.0,411000.0,320
REDBRIDGE,10-2017,662500.0,275000.0,278019.0,525000.0,455000.0,8.0,95.0,14.0,49.0,117.0,410000.0,283
REDBRIDGE,10-2018,910000.0,294500.0,170000.0,600000.0,447500.0,6.0,90.0,17.0,41.0,96.0,408000.0,250
REDBRIDGE,11-2017,840000.0,285000.0,53792.0,540000.0,437500.0,8.0,85.0,20.0,44.0,108.0,410000.0,265
REDBRIDGE,11-2018,937500.0,265000.0,520000.0,620000.0,460000.0,16.0,72.0,11.0,48.0,115.0,430000.0,262
REDBRIDGE,12-2017,615000.0,290000.0,367000.0,512500.0,470000.0,17.0,105.0,18.0,44.0,107.0,425000.0,291
REDBRIDGE,12-2018,670000.0,288000.0,515000.0,553500.0,460000.0,8.0,57.0,9.0,32.0,66.0,430000.0,172
RICHMOND UPON THAMES,01-2017,1435000.0,452500.0,637000.0,965500.0,775000.0,6.0,92.0,19.0,39.0,83.0,628000.0,239
RICHMOND UPON THAMES,01-2018,1612500.0,421750.0,500000.0,740000.0,704000.0,14.0,76.0,17.0,41.0,56.0,577779.5,204
RICHMOND UPON THAMES,01-2019,1373333.5,385000.0,480500.0,955000.0,820000.0,14.0,59.0,10.0,32.0,57.0,637500.0,172
RICHMOND UPON THAMES,02-2017,1244000.0,453000.0,673104.0,880000.0,816000.0,9.0,93.0,11.0,28.0,62.0,605000.0,203
RICHMOND UPON THAMES,02-2018,1100000.0,455000.0,552000.0,782500.0,700000.0,13.0,86.0,6.0,28.0,55.0,564975.0,188
RICHMOND UPON THAMES,02-2019,1605750.0,465000.0,923000.0,946000.0,710000.0,12.0,55.0,10.0,31.0,56.0,633750.0,164
RICHMOND UPON THAMES,03-2017,900000.0,526250.0,425000.0,864308.0,825000.0,11.0,148.0,32.0,66.0,73.0,625000.0,330
RICHMOND UPON THAMES,03-2018,1790000.0,448875.0,30000.0,960000.0,746500.0,18.0,80.0,19.0,47.0,72.0,650000.0,236
RICHMOND UPON THAMES,03-2019,1712500.0,410000.0,141500.0,944500.0,765000.0,7.0,28.0,4.0,22.0,24.0,630000.0,85
RICHMOND UPON THAMES,04-2017,1190000.0,493000.0,102120.0,835000.0,845000.0,16.0,92.0,15.0,33.0,66.0,631500.0,222
RICHMOND UPON THAMES,04-2018,1417000.0,462500.0,120000.0,653000.0,750000.0,9.0,84.0,17.0,36.0,75.0,615000.0,221
RICHMOND UPON THAMES,05-2017,1300000.0,435000.0,427500.0,850000.0,815000.0,15.0,103.0,32.0,52.0,79.0,650000.0,281
RICHMOND UPON THAMES,05-2018,1170000.0,425000.0,34250.0,862500.0,750000.0,11.0,91.0,16.0,42.0,57.0,585000.0,217
RICHMOND UPON THAMES,06-2017,1325000.0,492500.0,244000.0,790000.0,872500.0,12.0,106.0,21.0,40.0,72.0,635000.0,251
RICHMOND UPON THAMES,06-2018,1250000.0,424475.0,500000.0,830500.0,840000.0,19.0,108.0,23.0,40.0,63.0,599950.0,253
RICHMOND UPON THAMES,07-2017,1400000.0,460000.0,200000.0,945000.0,768500.0,15.0,103.0,25.0,72.0,91.0,665000.0,306
RICHMOND UPON THAMES,07-2018,973725.0,436000.0,35000.0,930000.0,825000.0,14.0,92.0,13.0,51.0,104.0,650000.0,274
RICHMOND UPON THAMES,08-2017,1550000.0,431500.0,329625.0,1125000.0,750040.0,21.0,100.0,24.0,63.0,86.0,662500.0,294
RICHMOND UPON THAMES,08-2018,1350000.0,415000.0,149999.0,1000000.0,805000.0,25.0,116.0,21.0,65.0,111.0,654000.0,338
RICHMOND UPON THAMES,09-2017,1150000.0,450000.0,865000.0,800000.0,747000.0,11.0,95.0,25.0,46.0,71.0,637500.0,248
RICHMOND UPON THAMES,09-2018,1275000.0,438000.0,500000.0,821000.0,750000.0,14.0,91.0,13.0,50.0,81.0,650000.0,249
RICHMOND UPON THAMES,10-2017,1375000.0,495000.0,957500.0,900000.0,730000.0,17.0,129.0,16.0,42.0,80.0,617500.0,284
RICHMOND UPON THAMES,10-2018,1350000.0,410000.0,150000.0,775000.0,780000.0,15.0,93.0,15.0,47.0,71.0,585000.0,241
RICHMOND UPON THAMES,11-2017,1180000.0,460000.0,85000.0,846250.0,747500.0,11.0,109.0,21.0,40.0,72.0,580000.0,253
RICHMOND UPON THAMES,11-2018,1250000.0,400000.0,350000.0,781000.0,780000.0,19.0,83.0,17.0,52.0,97.0,650000.0,268
RICHMOND UPON THAMES,12-2017,1350000.0,495000.0,298000.0,870000.0,735000.0,9.0,121.0,16.0,45.0,57.0,600000.0,248
RICHMOND UPON THAMES,12-2018,2200000.0,450000.0,265000.0,850000.0,760000.0,12.0,66.0,16.0,42.0,65.0,637500.0,201
SOUTHWARK,01-2017,1950000.0,490000.0,750000.0,700000.0,722500.0,1.0,218.0,19.0,9.0,56.0,557000.0,303
SOUTHWARK,01-2018,1795000.0,504000.0,587500.0,1050000.0,849250.0,1.0,214.0,18.0,7.0,38.0,547500.0,278
SOUTHWARK,01-2019,900000.0,477500.0,340000.0,957000.0,711000.0,1.0,158.0,18.0,9.0,34.0,510500.0,220
SOUTHWARK,02-2017,680000.0,438250.0,643334.5,912500.0,845000.0,3.0,208.0,24.0,10.0,38.0,495000.0,283
SOUTHWARK,02-2018,1650000.0,480000.0,375025.0,750000.0,742500.0,3.0,176.0,18.0,9.0,46.0,542500.0,252
SOUTHWARK,02-2019,812500.0,492500.0,2415000.0,980000.0,725000.0,4.0,116.0,13.0,9.0,27.0,570000.0,169
SOUTHWARK,03-2017,1600000.0,475000.0,1024067.5,932000.0,816500.0,3.0,281.0,38.0,12.0,42.0,516250.0,376
SOUTHWARK,03-2018,1600000.0,456000.0,1900000.0,1185000.0,743500.0,3.0,215.0,25.0,9.0,44.0,520000.0,296
SOUTHWARK,03-2019,1302500.0,495250.0,665000.0,1212500.0,750000.0,2.0,62.0,5.0,7.0,24.0,562000.0,100
SOUTHWARK,04-2017,740000.0,537000.0,1000000.0,1060000.0,763750.0,3.0,235.0,21.0,5.0,38.0,552750.0,302
SOUTHWARK,04-2018,3262500.0,472000.0,484386.5,1107000.0,730000.0,2.0,179.0,26.0,14.0,45.0,554975.0,266
SOUTHWARK,05-2017,5600000.0,519950.0,292500.0,1145000.0,806000.0,1.0,297.0,28.0,5.0,41.0,550000.0,372
SOUTHWARK,05-2018,905000.0,465000.0,365000.0,1230000.0,815000.0,1.0,333.0,23.0,9.0,48.0,490000.0,414
SOUTHWARK,06-2017,2125000.0,485000.0,45000.0,978750.0,739975.0,2.0,365.0,27.0,10.0,48.0,515000.0,452
SOUTHWARK,06-2018,1875000.0,525000.0,368000.0,912500.0,785000.0,2.0,471.0,25.0,6.0,54.0,570000.0,558
SOUTHWARK,07-2017,1124000.0,480000.0,237272.5,1005000.0,820500.0,6.0,326.0,38.0,14.0,61.0,520000.0,445
SOUTHWARK,07-2018,1950000.0,515000.0,990000.0,1400000.0,887500.0,4.0,264.0,36.0,16.0,56.0,585000.0,376
SOUTHWARK,08-2017,2075500.0,470000.0,252000.0,925000.0,769500.0,5.0,259.0,33.0,15.0,66.0,510000.0,378
SOUTHWARK,08-2018,2194000.0,508410.0,140000.0,1165000.0,737500.0,6.0,287.0,29.0,20.0,54.0,552500.0,396
SOUTHWARK,09-2017,1252500.0,520542.0,322000.0,1140000.0,860000.0,2.0,686.0,50.0,6.0,45.0,540000.0,789
SOUTHWARK,09-2018,1312500.0,504005.0,725000.0,1100000.0,790000.0,2.0,296.0,25.0,12.0,33.0,570000.0,368
SOUTHWARK,10-2017,925000.0,480000.0,282675.0,855000.0,860000.0,4.0,280.0,30.0,5.0,50.0,515000.0,369
SOUTHWARK,10-2018,875000.0,477750.0,388000.0,885000.0,725000.0,4.0,324.0,42.0,10.0,49.0,512500.0,429
SOUTHWARK,11-2017,1352500.0,445000.0,136107.0,1237500.0,717000.0,2.0,211.0,20.0,8.0,45.0,492500.0,286
SOUTHWARK,11-2018,1460000.0,524997.5,945000.0,1230000.0,800000.0,3.0,288.0,23.0,13.0,49.0,585000.0,376
SOUTHWARK,12-2017,2200000.0,469000.0,323050.0,1597625.0,727500.0,2.0,238.0,26.0,8.0,56.0,542500.0,330
SOUTHWARK,12-2018,825000.0,525000.0,635000.0,1137500.0,724500.0,5.0,217.0,12.0,8.0,38.0,555000.0,280
SUTTON,01-2017,640000.0,280000.0,225500.0,480000.0,415249.0,21.0,123.0,5.0,48.0,49.0,351250.0,246
SUTTON,01-2018,900000.0,280000.0,171000.0,525000.0,412500.0,15.0,79.0,13.0,36.0,70.0,360000.0,213
SUTTON,01-2019,687500.0,272500.0,75000.0,513500.0,389250.0,20.0,68.0,10.0,42.0,58.0,373500.0,198
SUTTON,02-2017,648000.0,272500.0,316900.0,457500.0,385000.0,26.0,118.0,14.0,64.0,63.0,359950.0,285
SUTTON,02-2018,685000.0,275000.0,295000.0,473750.0,400000.0,23.0,67.0,9.0,62.0,64.0,399950.0,225
SUTTON,02-2019,706750.0,275000.0,720000.0,483000.0,390000.0,14.0,66.0,7.0,47.0,61.0,380000.0,195
SUTTON,03-2017,690000.0,300000.0,270000.0,488000.0,390000.0,23.0,133.0,11.0,45.0,65.0,360000.0,277
SUTTON,03-2018,540000.0,277500.0,350000.0,480000.0,386000.0,15.0,88.0,20.0,51.0,76.0,360000.0,250
SUTTON,03-2019,700000.0,252500.0,99350.0,495000.0,385000.0,9.0,24.0,8.0,14.0,31.0,378500.0,86
SUTTON,04-2017,750000.0,290000.0,265000.0,500000.0,387750.0,20.0,99.0,19.0,47.0,52.0,378000.0,237
SUTTON,04-2018,637500.0,289500.0,309500.0,510000.0,402125.0,18.0,85.0,10.0,45.0,56.0,370000.0,214
SUTTON,05-2017,675000.0,305000.0,473500.0,475000.0,375000.0,17.0,135.0,8.0,49.0,61.0,358809.0,270
SUTTON,05-2018,700000.0,267500.0,450000.0,532500.0,439000.0,19.0,75.0,11.0,52.0,77.0,417500.0,234
SUTTON,06-2017,685000.0,285000.0,360000.0,480000.0,410000.0,20.0,120.0,15.0,59.0,69.0,370000.0,283
SUTTON,06-2018,674000.0,268750.0,432500.0,527250.0,407500.0,12.0,92.0,9.0,46.0,76.0,375000.0,235
SUTTON,07-2017,765000.0,275000.0,609000.0,490000.0,396000.0,37.0,123.0,17.0,47.0,84.0,369475.0,308
SUTTON,07-2018,682500.0,297000.0,100000.0,505000.0,426250.0,20.0,84.0,9.0,69.0,80.0,415000.0,262
SUTTON,08-2017,655000.0,284000.0,290000.0,500000.0,395000.0,25.0,150.0,17.0,77.0,75.0,369375.0,344
SUTTON,08-2018,660000.0,267500.0,306000.0,526250.0,405000.0,26.0,93.0,12.0,60.0,93.0,395000.0,284
SUTTON,09-2017,550000.0,277950.0,303000.0,500000.0,398750.0,10.0,113.0,16.0,55.0,92.0,349975.0,286
SUTTON,09-2018,720000.0,275000.0,415000.0,488000.0,410000.0,17.0,104.0,9.0,65.0,80.0,380000.0,275
SUTTON,10-2017,775000.0,287000.0,460000.0,495000.0,410000.0,23.0,99.0,18.0,41.0,76.0,373000.0,257
SUTTON,10-2018,702475.0,275000.0,350000.0,499975.0,385000.0,18.0,82.0,13.0,48.0,74.0,370000.0,235
SUTTON,11-2017,700000.0,271500.0,321473.0,525000.0,395000.0,22.0,138.0,12.0,51.0,74.0,345000.0,297
SUTTON,11-2018,770000.0,274950.0,225000.0,460000.0,390000.0,31.0,77.0,7.0,53.0,82.0,380000.0,250
SUTTON,12-2017,797500.0,279500.0,750000.0,506250.0,395000.0,14.0,106.0,13.0,48.0,74.0,365000.0,255
SUTTON,12-2018,735000.0,281747.5,268000.0,472500.0,397500.0,19.0,116.0,15.0,48.0,52.0,350000.0,250
TOWER HAMLETS,01-2017,880000.0,420000.0,910000.0,1042000.0,750000.0,1.0,395.0,23.0,1.0,17.0,430710.0,437
TOWER HAMLETS,01-2018,1140000.0,480000.0,260000.0,730500.0,649000.0,1.0,223.0,13.0,1.0,21.0,495000.0,259
TOWER HAMLETS,01-2019,,475712.5,13750.0,,652500.0,,212.0,20.0,,10.0,478212.5,242
TOWER HAMLETS,02-2017,,499757.0,380500.0,665000.0,770000.0,,397.0,18.0,1.0,13.0,505000.0,429
TOWER HAMLETS,02-2018,,463750.0,242500.0,730000.0,721250.0,,232.0,16.0,1.0,12.0,470000.0,261
TOWER HAMLETS,02-2019,,490000.0,5100000.0,,773000.0,,161.0,7.0,,10.0,500000.0,178
TOWER HAMLETS,03-2017,,457500.0,557500.0,,880500.0,,314.0,34.0,,18.0,464500.0,366
TOWER HAMLETS,03-2018,,475000.0,465000.0,712500.0,693750.0,,281.0,25.0,1.0,26.0,493750.0,333
TOWER HAMLETS,03-2019,,417500.0,31908846.0,,650000.0,,63.0,1.0,,10.0,465000.0,74
TOWER HAMLETS,04-2017,,447467.5,150000.0,1500000.0,745000.0,,290.0,17.0,1.0,21.0,465000.0,329
TOWER HAMLETS,04-2018,,510000.0,900000.0,,840000.0,,208.0,23.0,,14.0,550000.0,245
TOWER HAMLETS,05-2017,,514995.0,1024020.0,910000.0,800000.0,,369.0,24.0,1.0,17.0,530000.0,411
TOWER HAMLETS,05-2018,1000000.0,470000.0,750000.0,,777500.0,1.0,218.0,23.0,,12.0,488500.0,254
TOWER HAMLETS,06-2017,2062500.0,483000.0,495619.0,905000.0,840000.0,2.0,393.0,35.0,2.0,21.0,495619.0,453
TOWER HAMLETS,06-2018,,450000.0,960000.0,,610000.0,,312.0,24.0,,23.0,465000.0,359
TOWER HAMLETS,07-2017,,495000.0,1105166.5,1109950.0,870000.0,,254.0,22.0,1.0,13.0,502500.0,290
TOWER HAMLETS,07-2018,,475000.0,25000.0,930000.0,801500.0,,439.0,45.0,1.0,16.0,474000.0,501
TOWER HAMLETS,08-2017,,525000.0,6679315.0,,840000.0,,310.0,22.0,,21.0,550000.0,353
TOWER HAMLETS,08-2018,,455000.0,488750.0,,818500.0,,353.0,18.0,,27.0,460000.0,398
TOWER HAMLETS,09-2017,,500000.0,2925000.0,,736500.0,,323.0,30.0,,24.0,530000.0,377
TOWER HAMLETS,09-2018,,435000.0,597250.0,,725000.0,,373.0,18.0,,13.0,441195.0,404
TOWER HAMLETS,10-2017,,461000.0,1045000.0,815000.0,925000.0,,254.0,22.0,3.0,23.0,485000.0,302
TOWER HAMLETS,10-2018,,450000.0,647500.0,1225000.0,723750.0,,291.0,14.0,1.0,20.0,465000.0,326
TOWER HAMLETS,11-2017,,480000.0,25000.0,,750000.0,,227.0,25.0,,17.0,480000.0,269
TOWER HAMLETS,11-2018,,452000.0,1350000.0,711750.0,758750.0,,254.0,15.0,1.0,24.0,478750.0,294
TOWER HAMLETS,12-2017,,466300.0,776500.0,590000.0,785000.0,,358.0,40.0,1.0,11.0,472250.0,410
TOWER HAMLETS,12-2018,,471500.0,545000.0,,650000.0,,268.0,15.0,,11.0,478725.0,294
WALTHAM FOREST,01-2017,716500.0,350000.0,440550.0,572500.0,496497.5,2.0,99.0,14.0,22.0,124.0,433000.0,261
WALTHAM FOREST,01-2018,717500.0,340000.0,83430.0,581000.0,500000.0,4.0,79.0,61.0,27.0,96.0,415000.0,267
WALTHAM FOREST,01-2019,790000.0,370000.0,87000.0,515000.0,495000.0,1.0,79.0,15.0,24.0,104.0,438000.0,223
WALTHAM FOREST,02-2017,802500.0,330000.0,793664.0,480000.0,500000.0,2.0,117.0,31.0,21.0,106.0,432500.0,277
WALTHAM FOREST,02-2018,600000.0,345000.0,119544.0,535000.0,507500.0,4.0,75.0,28.0,20.0,110.0,448000.0,237
WALTHAM FOREST,02-2019,950000.0,320000.0,635000.0,595000.0,525000.0,2.0,53.0,14.0,14.0,71.0,441000.0,154
WALTHAM FOREST,03-2017,685000.0,325000.0,225000.0,560000.0,500000.0,3.0,123.0,22.0,25.0,122.0,430000.0,295
WALTHAM FOREST,03-2018,620000.0,335000.0,32115.0,546000.0,505000.0,4.0,107.0,52.0,27.0,104.0,411500.0,294
WALTHAM FOREST,03-2019,,350000.0,52000.0,560000.0,498000.0,,25.0,5.0,7.0,49.0,458500.0,86
WALTHAM FOREST,04-2017,587500.0,330000.0,287500.0,555000.0,510000.0,2.0,87.0,26.0,18.0,85.0,426500.0,218
WALTHAM FOREST,04-2018,637500.0,342500.0,62036.0,500000.0,502500.0,4.0,78.0,39.0,22.0,82.0,430000.0,225
WALTHAM FOREST,05-2017,792500.0,309000.0,160000.0,465000.0,500000.0,2.0,86.0,17.0,25.0,114.0,423250.0,244
WALTHAM FOREST,05-2018,499950.0,340000.0,36876.5,600000.0,527000.0,3.0,99.0,16.0,21.0,107.0,425000.0,246
WALTHAM FOREST,06-2017,810000.0,316000.0,385000.0,515000.0,495000.0,5.0,124.0,41.0,31.0,131.0,415000.0,332
WALTHAM FOREST,06-2018,515000.0,310000.0,53970.5,500000.0,498475.0,1.0,133.0,18.0,21.0,104.0,411350.0,277
WALTHAM FOREST,07-2017,630000.0,350301.0,165000.0,600000.0,525000.0,3.0,112.0,13.0,28.0,127.0,450000.0,283
WALTHAM FOREST,07-2018,853000.0,360000.0,99005.0,540000.0,524000.0,1.0,130.0,23.0,26.0,117.0,440000.0,297
WALTHAM FOREST,08-2017,675625.0,327501.0,175000.0,550000.0,520000.0,4.0,113.0,23.0,25.0,135.0,443500.0,300
WALTHAM FOREST,08-2018,500000.0,374000.0,269021.0,585000.0,530000.0,3.0,133.0,19.0,33.0,151.0,460500.0,339
WALTHAM FOREST,09-2017,575000.0,330500.0,450000.0,565000.0,520000.0,1.0,116.0,9.0,14.0,128.0,436000.0,268
WALTHAM FOREST,09-2018,585000.0,381000.0,70000.0,551000.0,540550.0,3.0,138.0,19.0,21.0,119.0,439800.0,300
WALTHAM FOREST,10-2017,1025700.0,335000.0,62500.0,527000.0,525000.0,6.0,141.0,14.0,33.0,137.0,435000.0,331
WALTHAM FOREST,10-2018,,350500.0,95791.5,530000.0,536750.0,,127.0,16.0,31.0,112.0,425000.0,286
WALTHAM FOREST,11-2017,540000.0,346500.0,670000.0,545000.0,499000.0,3.0,125.0,19.0,23.0,91.0,430000.0,261
WALTHAM FOREST,11-2018,710000.0,345000.0,183000.0,537500.0,512500.0,3.0,125.0,26.0,28.0,122.0,430000.0,304
WALTHAM FOREST,12-2017,,359999.5,33853.0,548750.0,527000.0,,104.0,11.0,30.0,123.0,450000.0,268
WALTHAM FOREST,12-2018,520000.0,411000.0,60000.0,507800.0,543000.0,2.0,157.0,12.0,21.0,107.0,454000.0,299
WANDSWORTH,01-2017,1650000.0,600000.0,128750.0,975000.0,992500.0,4.0,354.0,22.0,15.0,86.0,650000.0,481
WANDSWORTH,01-2018,1910000.0,549950.0,522500.0,1325000.0,945000.0,5.0,255.0,31.0,15.0,85.0,618000.0,391
WANDSWORTH,01-2019,2525000.0,562500.0,640500.0,1405000.0,850000.0,5.0,218.0,16.0,11.0,60.0,615000.0,310
WANDSWORTH,02-2017,1290000.0,520000.0,275000.0,1475000.0,975000.0,2.0,272.0,31.0,11.0,77.0,580000.0,393
WANDSWORTH,02-2018,3045000.0,500000.0,390000.0,1425000.0,870000.0,3.0,212.0,13.0,19.0,81.0,606885.0,328
WANDSWORTH,02-2019,2850000.0,480000.0,250000.0,1200000.0,886250.0,3.0,177.0,13.0,15.0,76.0,557500.0,284
WANDSWORTH,03-2017,6850000.0,546500.0,612500.0,1433250.0,795000.0,1.0,397.0,38.0,10.0,103.0,597000.0,549
WANDSWORTH,03-2018,9250000.0,533750.0,957500.0,1260000.0,868250.0,1.0,320.0,52.0,19.0,93.0,600000.0,485
WANDSWORTH,03-2019,2525000.0,473000.0,21450.0,832500.0,1062500.0,2.0,81.0,4.0,6.0,40.0,590000.0,133
WANDSWORTH,04-2017,2425000.0,522500.0,148431.5,1142000.0,927000.0,2.0,300.0,30.0,19.0,89.0,602700.0,440
WANDSWORTH,04-2018,2527500.0,511410.0,75000.0,1640000.0,900000.0,4.0,246.0,30.0,14.0,111.0,588500.0,405
WANDSWORTH,05-2017,2000000.0,641790.0,114332.0,1202500.0,853602.5,1.0,350.0,25.0,16.0,100.0,675000.0,492
WANDSWORTH,05-2018,1155000.0,513000.0,77500.0,1202500.0,955000.0,2.0,324.0,27.0,16.0,101.0,575000.0,470
WANDSWORTH,06-2017,2875000.0,645420.0,395000.0,1175000.0,965000.0,6.0,360.0,45.0,15.0,116.0,705000.0,542
WANDSWORTH,06-2018,2050000.0,599950.0,97000.0,1475000.0,880000.0,2.0,397.0,31.0,13.0,101.0,630000.0,544
WANDSWORTH,07-2017,1900000.0,592500.0,268750.0,1250000.0,950000.0,7.0,451.0,28.0,23.0,120.0,640000.0,629
WANDSWORTH,07-2018,2400000.0,530000.0,290000.0,1223500.0,907500.0,9.0,359.0,27.0,28.0,128.0,633000.0,551
WANDSWORTH,08-2017,3000000.0,578872.0,120750.0,1412500.0,1015300.0,11.0,483.0,24.0,18.0,114.0,650000.0,650
WANDSWORTH,08-2018,3605000.0,482500.0,606000.0,1071000.0,983750.0,4.0,370.0,29.0,26.0,148.0,600000.0,577
WANDSWORTH,09-2017,2115000.0,590000.0,397450.0,1320000.0,865000.0,7.0,374.0,26.0,17.0,115.0,640000.0,539
WANDSWORTH,09-2018,3118750.0,490000.0,340000.0,1050000.0,880750.0,2.0,273.0,31.0,13.0,114.0,560000.0,433
WANDSWORTH,10-2017,1064000.0,604000.0,225000.0,822500.0,877500.0,3.0,330.0,32.0,10.0,84.0,630500.0,459
WANDSWORTH,10-2018,2155000.0,486000.0,82750.0,1175000.0,970000.0,8.0,226.0,18.0,20.0,105.0,567500.0,377
WANDSWORTH,11-2017,2245000.0,530000.0,149000.0,860000.0,900000.0,5.0,296.0,36.0,13.0,84.0,576250.0,434
WANDSWORTH,11-2018,2135000.0,573100.0,457500.0,1185000.0,912500.0,5.0,330.0,22.0,16.0,97.0,642500.0,470
WANDSWORTH,12-2017,5500000.0,485000.0,300000.0,1101125.0,867500.0,1.0,279.0,36.0,12.0,106.0,560000.0,434
WANDSWORTH,12-2018,2090000.0,600000.0,260000.0,1006000.0,914775.0,3.0,248.0,28.0,14.0,92.0,650000.0,385
